proposalId,commendId,parentId
7,7,0
7,17092,-1
7,17107,17092
7,17127,17107
7,17135,-1
7,17137,17127
7,17139,17135
7,17141,17137
7,17146,-1
7,17166,17139
7,17178,17166
7,17187,17178
7,17191,17187
7,17200,17137
7,17212,17137
7,17218,17212
7,17232,17218
7,17237,17232
7,17239,-1
7,17245,17239
7,17266,-1
7,17305,-1
7,17309,-1
7,17333,-1
7,17346,17137
7,17348,17137
7,17359,17333
7,17369,-1
7,17376,-1
7,17441,-1
7,17466,-1
7,17472,-1
7,17485,-1
7,17534,-1
7,17593,-1
7,17607,17472
7,17615,17239
7,17620,17135
7,17626,-1
7,17629,-1
7,17844,-1
7,17858,-1
7,17923,17472
7,17957,17844
7,18024,-1
7,18052,17844
7,18101,17844
7,18124,-1
7,18313,17844
7,18314,18101
7,18316,17796
7,18320,17629
7,18414,17333
7,18538,-1
7,18541,-1
7,18554,-1
7,18558,-1
7,18569,-1
7,18836,-1
7,18904,-1
7,18912,17844
7,18920,18904
7,19041,18920
7,19073,19041
7,19148,17239
7,19156,17615
7,19214,-1
7,19236,-1
7,19385,-1
7,19445,-1
7,19608,19445
7,19670,-1
7,20685,-1
7,21036,-1
7,21382,19608
7,21545,-1
7,21704,-1
7,21908,19445
7,22113,-1
7,22352,21908
7,22366,21295
7,22734,-1
7,24421,-1
7,24499,-1
7,24880,-1
7,25561,-1
7,25606,-1
7,25774,-1
7,25997,-1
7,26410,-1
7,26548,-1
7,26853,-1
7,26854,24499
7,26898,-1
7,27707,-1
7,27755,-1
7,27811,-1
7,28086,-1
7,29220,28086
7,29221,-1
7,29301,28086
7,30234,29221
7,31089,-1
7,32086,-1
7,33520,-1
7,33732,-1
7,35759,-1
7,37078,-1
7,40678,-1
7,42634,-1
7,46501,-1
7,46502,31089
7,46503,17333
7,46504,22508
7,46505,17534
7,46506,17441
7,46507,40678
7,46640,33732
7,46641,30234
7,46642,27811
7,46643,27755
7,46644,26898
7,46645,26853
7,46646,26548
7,46647,25774
7,46648,25606
7,46649,25561
7,46650,24421
7,46651,22734
7,46652,22113
7,46653,21545
7,46654,19670
7,46655,21908
7,46656,19608
7,46657,20308
7,46658,19214
7,46659,19041
7,46660,18558
7,46661,18538
7,46662,18024
7,46663,17858
7,46664,18101
7,46665,18052
7,46666,17957
7,46667,17545
7,46668,17534
7,46669,17466
7,46670,17376
7,46671,17305
7,46672,17135
7,46673,17166
7,46674,17107
7,46726,46650
7,46736,46726
7,46761,46736
7,47520,17333
7,51049,-1
7,51872,-1
7,63450,-1
7,71967,-1
7,73936,-1
7,75400,-1
7,75403,47520
7,75797,-1
7,76716,75403
7,77184,-1
7,77668,-1
7,78230,-1
7,78347,-1
7,79028,21036
7,82383,-1
7,83301,-1
7,83302,17333
7,84455,-1
7,85675,-1
7,85676,83302
7,85677,76716
7,87740,-1
7,91145,-1
19,19,0
19,17391,-1
19,17486,-1
19,17767,-1
19,18078,-1
19,18386,-1
19,19178,-1
19,19750,-1
19,19795,-1
19,32465,19750
19,47209,17486
19,49076,32465
19,49078,18386
19,49275,49076
19,49749,49275
19,51540,49749
19,61819,-1
19,78277,-1
19,83953,-1
19,137601,-1
50,50,0
50,17162,-1
50,17210,-1
50,17228,17162
50,17234,-1
50,17277,17234
50,17475,17228
50,17713,-1
50,17888,-1
50,17936,17710
50,18279,-1
50,18866,-1
50,19578,-1
50,19705,-1
50,19730,-1
50,20921,19705
50,21092,-1
50,21852,-1
50,22329,-1
50,22685,19705
50,22787,-1
50,22795,21092
50,23390,17936
50,23391,17475
50,23392,23391
50,23406,22795
50,23967,-1
50,25096,-1
50,25482,-1
50,26413,-1
50,26934,-1
50,26949,-1
50,27347,-1
50,28557,-1
50,29135,22685
50,29547,-1
50,31887,-1
50,32456,31119
50,32457,-1
50,32458,32457
50,32474,-1
50,32769,32474
50,32772,32490
50,33337,-1
50,33521,-1
50,34174,-1
50,35969,-1
50,39363,-1
50,41561,-1
50,41762,23391
50,44238,-1
50,47877,-1
50,47883,-1
50,52584,19705
50,54614,-1
50,54812,-1
50,54874,-1
50,58843,23391
50,59597,-1
50,59598,41762
50,59674,59598
50,60456,-1
50,60782,59674
50,60815,60782
50,61333,60815
50,61398,61333
50,61512,61398
50,61556,61512
50,61761,61556
50,61820,61761
50,62061,61820
50,62181,62061
50,62207,62181
50,62216,62207
50,62224,54874
50,62225,39363
50,62227,-1
50,62360,62216
50,62405,62360
50,62406,23391
50,62591,62405
50,62611,62591
50,62880,62611
50,62882,62880
50,65038,31119
50,78226,-1
50,80827,-1
50,89374,-1
50,89643,-1
50,92068,-1
61,61,0
61,18539,-1
61,29897,-1
61,29898,-1
61,37090,-1
61,40216,-1
61,59781,-1
61,72359,-1
61,125975,-1
61,125977,37090
61,125978,18539
61,125979,59781
72,72,0
72,17886,-1
72,18032,17886
72,18322,-1
72,18340,-1
72,18442,-1
72,18460,-1
72,18522,18032
72,18697,18460
72,18732,-1
72,18774,18697
72,18825,-1
72,18895,17886
72,19397,-1
72,19760,-1
72,19894,18895
72,20122,-1
72,20759,-1
72,21247,20122
72,26679,18442
72,27966,-1
72,28043,27966
72,31381,-1
72,52897,18825
72,52946,52897
72,61631,-1
72,61632,52946
72,62258,25693
72,71736,-1
72,74884,18340
72,76131,-1
72,76938,71736
72,78740,74884
72,78741,25700
72,78742,76131
72,82480,-1
72,86169,82480
72,89649,-1
72,91121,-1
72,160718,-1
72,160719,91121
72,160721,71736
72,160725,20122
86,86,0
86,17231,-1
86,17281,-1
86,17371,-1
86,17631,-1
86,17669,-1
86,17773,-1
86,17774,-1
86,17854,-1
86,18054,-1
86,18273,-1
86,18683,-1
86,18849,18054
86,18867,-1
86,19306,-1
86,21401,-1
86,21874,17231
86,22626,-1
86,24057,-1
86,24156,24057
86,25573,-1
86,26414,-1
86,27078,24156
86,27165,-1
86,28528,-1
86,29033,-1
86,32125,29033
86,32126,32125
86,33090,28528
86,33338,-1
86,33523,-1
86,33733,-1
86,34785,-1
86,36892,33090
86,36894,27078
86,37840,36892
86,37969,-1
86,37979,37840
86,51168,-1
86,52498,-1
86,52786,18054
86,58350,-1
86,60708,33090
86,66361,-1
86,66362,-1
86,67278,-1
86,71085,36894
86,78227,-1
86,79371,36892
86,79423,-1
86,82364,-1
86,88632,-1
86,89156,-1
86,90285,18054
86,90286,52786
86,90288,36892
86,90289,79371
86,90290,60708
86,90291,17773
86,90365,-1
86,91655,90289
86,128583,-1
89,89,0
89,17535,-1
89,17834,17535
89,17937,-1
89,18154,-1
89,18480,-1
89,18483,17834
89,18706,-1
89,19166,-1
89,19324,17834
89,20287,-1
89,20463,-1
89,20464,17535
89,20465,17834
89,20695,-1
89,23536,-1
89,31439,17834
89,31995,-1
89,34625,-1
89,36657,-1
89,40681,-1
89,41079,-1
89,42993,34625
89,43782,18483
89,78258,-1
89,80455,17834
109,109,0
109,17276,-1
109,18717,-1
109,19077,18717
109,20688,-1
109,20773,20688
109,20774,-1
109,21186,-1
109,23361,18717
109,24434,-1
109,24436,-1
109,25989,-1
109,26535,25989
109,27240,-1
109,27246,21186
109,27247,20688
109,31299,31292
109,31931,-1
109,33339,-1
109,33719,-1
109,34245,33719
109,34246,-1
109,38128,-1
109,38159,38128
109,40146,-1
109,41071,-1
109,41619,-1
109,44793,-1
109,48591,-1
109,51873,-1
109,52744,-1
109,53173,52744
109,55835,-1
109,56617,44793
109,57960,-1
109,58117,-1
109,60032,-1
109,61625,-1
109,65674,-1
109,65815,-1
109,65816,-1
109,65822,61625
109,66775,-1
109,67234,-1
109,69986,-1
109,70625,-1
109,74421,-1
109,75866,60032
109,75867,52744
109,76187,75867
109,78101,-1
109,88822,87902
109,88829,88823
109,88832,88831
109,89897,-1
109,93434,-1
109,123688,-1
152,152,0
152,18873,-1
152,18885,18873
152,18926,-1
152,18958,-1
152,19000,-1
152,19055,18926
152,19165,-1
152,19175,18926
152,19183,18926
152,19406,-1
152,20329,-1
152,20576,-1
152,20938,20329
152,21041,20329
152,21179,-1
152,21606,21305
152,21891,21041
152,21896,20576
152,22115,-1
152,22163,22115
152,22496,21305
152,22630,-1
152,24190,-1
152,26112,18926
152,26858,24190
152,26859,21041
152,26860,20938
152,26861,19165
152,28636,-1
152,30188,26860
152,31282,-1
152,31398,-1
152,31476,-1
152,31498,-1
152,31504,31476
152,32317,31498
152,32339,-1
152,33658,21891
152,33854,33658
152,34185,-1
152,39226,-1
152,45448,-1
152,53954,-1
152,55206,-1
152,57689,-1
152,60591,-1
152,64894,-1
152,72188,-1
152,77481,-1
152,78229,-1
152,80828,-1
152,83300,-1
152,84004,-1
152,86135,30188
152,87441,-1
417,417,0
417,18534,-1
417,18577,18534
417,18894,-1
417,18984,18883
417,19731,-1
417,21178,-1
417,21530,-1
417,22084,18984
417,23870,18894
417,24423,-1
417,24976,-1
417,25647,23870
417,25773,-1
417,26408,-1
417,32153,21530
417,32168,32153
417,32170,32168
417,33130,-1
417,33336,-1
417,33516,-1
417,33976,-1
417,34574,-1
417,37380,-1
417,37383,-1
417,38357,-1
417,38358,18577
417,38543,-1
417,39462,18883
417,39643,-1
417,41784,-1
417,42161,-1
417,42164,-1
417,43613,-1
417,43653,-1
417,47362,-1
417,48478,-1
417,52719,-1
417,54612,-1
417,55740,-1
417,60587,-1
417,72150,-1
417,74395,32170
417,74862,-1
417,75554,-1
417,77281,-1
417,78222,-1
417,84172,-1
417,84177,-1
417,84189,21530
417,84244,-1
417,84252,-1
417,84254,18883
417,84338,-1
417,84371,-1
417,84410,-1
417,84429,-1
417,84430,-1
417,84433,-1
417,84454,25773
417,84500,-1
417,84511,-1
417,84523,-1
417,84535,-1
417,84542,-1
417,84617,-1
417,84627,-1
417,84661,-1
417,84796,-1
417,84849,-1
417,84883,-1
417,84996,-1
417,85167,-1
417,85391,-1
417,85462,-1
417,85807,-1
417,86596,-1
417,89640,-1
417,91181,-1
417,96448,18883
417,97563,-1
494,494,0
494,18315,-1
494,18324,18315
494,18688,18315
494,18735,18315
494,18743,-1
494,18745,-1
494,18746,-1
494,19095,-1
494,19137,19095
494,19139,-1
494,19682,-1
494,19688,19682
494,19700,18324
494,19735,-1
494,19754,19700
494,19766,18746
494,19809,-1
494,19836,19809
494,19839,18324
494,19945,19700
494,19948,19700
494,19955,19700
494,20690,-1
494,20693,-1
494,20899,20693
494,20900,20690
494,20904,20690
494,20914,20901
494,20922,-1
494,22183,-1
494,22986,22183
494,22987,-1
494,23612,-1
494,23862,-1
494,27936,-1
494,31469,-1
494,38164,-1
494,38888,-1
494,39017,-1
494,53474,-1
494,61618,-1
494,61917,-1
494,66928,-1
494,67945,-1
494,71411,-1
494,75863,-1
494,75865,38888
494,81070,-1
494,81071,19955
494,89767,-1
494,142288,-1
494,155667,-1
494,162653,-1
507,507,0
507,18270,-1
507,18387,-1
507,18803,-1
507,20101,18270
507,20437,-1
507,21634,18803
507,22644,-1
507,22806,-1
507,22808,18803
507,23718,22644
507,24332,22808
507,25080,18270
507,25558,-1
507,26334,-1
507,27258,26334
507,28736,25558
507,29862,-1
507,29880,-1
507,30122,22806
507,31347,-1
507,31565,29880
507,32584,31347
507,32676,32584
507,32678,-1
507,32807,-1
507,32834,32676
507,34650,32807
507,34756,34650
507,34789,-1
507,35403,-1
507,35406,34789
507,37415,-1
507,38882,35406
507,59633,-1
507,59634,34650
507,60901,-1
507,66085,-1
507,69302,-1
507,81092,-1
507,85687,-1
507,85749,-1
507,85785,34756
507,85816,-1
507,85985,-1
507,93233,-1
615,615,0
615,18600,-1
615,18618,-1
615,18625,-1
615,18639,-1
615,18658,18625
615,18659,-1
615,18661,18600
615,18662,-1
615,18698,-1
615,18750,-1
615,18775,18719
615,18782,-1
615,18799,-1
615,18970,18698
615,18983,-1
615,19098,-1
615,19111,18782
615,19118,18782
615,19122,18662
615,19124,-1
615,19182,-1
615,19222,-1
615,19233,-1
615,19267,-1
615,19276,19222
615,19372,-1
615,19508,-1
615,19648,19276
615,19650,19508
615,19664,18600
615,19676,-1
615,19685,19664
615,19827,19676
615,19832,-1
615,19873,-1
615,19916,-1
615,20028,-1
615,20070,-1
615,20104,-1
615,20386,18970
615,20562,19916
615,20706,-1
615,20731,-1
615,20934,-1
615,20951,20934
615,21723,19312
615,22325,-1
615,22517,-1
615,22690,20731
615,22693,22690
615,22793,20706
615,22794,22793
615,23242,18775
615,23245,19664
615,23958,20706
615,23959,20104
615,24738,-1
615,24769,-1
615,25467,23958
615,25476,-1
615,26022,-1
615,26024,20951
615,28114,26022
615,29008,-1
615,29051,24769
615,30200,26024
615,30203,22325
615,30959,-1
615,30962,26022
615,30964,-1
615,30966,19827
615,30978,20731
615,31072,30959
615,31073,26022
615,31074,30962
615,31075,28114
615,31076,25476
615,31077,24769
615,31079,29051
615,31081,31074
615,31095,31074
615,31130,-1
615,31283,31095
615,31284,31095
615,31674,-1
615,32464,29008
615,32947,-1
615,33044,-1
615,33441,-1
615,33811,-1
615,37567,19648
615,38659,37567
615,39393,-1
615,39396,19222
615,43273,-1
615,43663,-1
615,43697,-1
615,48236,18782
615,48329,19222
615,50478,25467
615,51323,50478
615,51325,31283
615,51493,-1
615,51961,19276
615,51962,37567
615,51965,48236
615,51966,24769
615,52041,-1
615,54494,-1
615,57405,51965
615,60375,-1
615,61705,31079
615,61706,31077
615,62153,-1
615,66553,22693
615,67971,57405
615,71131,-1
615,71135,19222
615,71139,48329
615,71154,60375
615,71155,54494
615,73693,18782
615,75059,-1
615,75067,-1
615,76657,-1
615,78085,18782
615,78086,67971
615,83828,51961
615,84010,73693
615,84013,71139
615,84190,78086
615,85971,23959
615,85972,85971
615,88917,-1
615,92694,51961
615,92698,32947
615,92699,28114
615,92700,31075
615,92703,92698
615,93010,92700
615,95756,18782
615,96587,-1
615,140691,95756
615,140692,57405
615,140693,73693
615,140695,78085
615,140696,37567
615,140697,92694
615,140698,19233
615,140699,19827
615,140700,19122
629,629,0
629,18601,-1
629,18690,-1
629,18783,-1
629,18858,-1
629,18945,-1
629,19001,-1
629,19071,-1
629,19076,-1
629,19078,-1
629,19090,18601
629,19108,-1
629,19144,-1
629,19157,-1
629,19171,-1
629,19280,-1
629,19287,-1
629,19379,-1
629,19503,19287
629,19523,-1
629,19532,-1
629,19620,19144
629,19667,-1
629,19733,-1
629,19744,-1
629,19841,-1
629,20102,-1
629,20136,-1
629,20185,-1
629,20262,-1
629,20273,-1
629,20611,-1
629,20928,-1
629,21236,19503
629,21630,-1
629,22053,-1
629,22380,-1
629,22732,-1
629,22735,-1
629,22772,-1
629,22773,-1
629,23427,-1
629,23525,-1
629,24426,-1
629,24868,-1
629,25998,-1
629,26417,-1
629,26482,26417
629,26549,-1
629,26855,25998
629,26899,-1
629,27349,-1
629,27996,-1
629,28214,-1
629,30384,-1
629,33735,-1
629,36452,-1
629,41076,-1
629,42648,-1
629,42655,42648
629,46412,-1
629,46538,21236
629,49519,-1
629,50152,-1
629,51958,18783
629,52900,-1
629,55732,-1
629,55734,51958
629,62914,-1
629,71969,-1
629,73182,-1
629,73644,27349
629,73939,18690
629,74853,55734
629,76214,-1
629,78233,-1
629,86505,-1
629,92981,-1
878,878,0
878,20737,-1
878,20939,20737
878,25817,-1
878,27927,-1
878,29991,27927
878,65162,65074
878,65163,65074
878,65668,65529
878,73416,-1
878,95871,73416
878,96195,-1
878,96262,96195
878,96997,95871
878,97005,96997
878,97006,96997
878,97008,96997
878,97009,96997
878,97010,96997
878,99539,-1
878,112657,99539
878,138712,-1
878,141148,-1
879,879,0
879,19882,-1
879,20080,-1
879,20095,-1
879,20135,-1
879,20290,20080
879,20352,-1
879,20709,-1
879,20977,20709
879,21289,-1
879,21665,-1
879,24198,-1
879,24864,-1
879,25097,-1
879,25386,-1
879,25540,-1
879,27422,19882
879,29418,-1
879,31438,-1
879,33346,-1
879,33730,-1
879,34987,-1
879,35166,-1
879,36226,-1
879,37325,-1
879,40679,-1
879,51175,-1
879,51176,51175
879,51177,19882
879,51178,34987
879,51180,25386
879,53960,-1
879,55208,29661
879,58375,-1
879,58409,-1
879,61115,-1
879,65308,-1
879,65309,36226
879,65508,-1
879,66692,-1
879,75310,-1
879,77805,-1
879,81126,29661
900,900,0
900,19692,-1
900,19710,19692
900,20261,-1
900,20293,20261
900,20424,-1
900,20431,19692
900,20452,19710
900,20458,20452
900,20459,20452
900,20460,20452
900,22881,-1
900,25690,22881
900,29102,22881
900,29225,-1
900,29327,29225
900,30420,-1
900,33340,-1
900,34783,-1
900,37087,-1
900,39611,-1
900,41780,41765
900,44386,20261
900,46200,-1
900,51441,-1
900,52244,20293
900,52939,-1
900,55042,-1
900,58532,-1
900,65678,-1
900,79432,29225
900,79442,-1
900,79954,79432
900,79955,29327
900,82381,-1
900,89642,-1
900,96013,-1
900,96014,96013
900,97789,97757
900,97809,97807
900,107593,-1
965,965,0
965,20089,-1
965,20245,-1
965,20306,-1
965,20483,-1
965,20505,20483
965,20508,20245
965,20619,-1
965,20897,-1
965,21429,-1
965,21875,21429
965,21882,-1
965,22058,-1
965,22098,21875
965,22223,20505
965,22235,-1
965,22261,-1
965,22310,22223
965,22502,21882
965,22536,22235
965,22879,22310
965,23510,-1
965,24055,-1
965,25664,21882
965,25921,-1
965,26409,-1
965,26581,22536
965,26608,22536
965,26626,22310
965,26633,-1
965,26850,26608
965,26851,26581
965,26852,21882
965,26878,-1
965,29395,28830
965,30324,-1
965,31918,-1
965,33515,-1
965,33870,26851
965,34979,-1
965,35332,-1
965,36229,22536
965,36348,-1
965,36351,34979
965,36354,33684
965,36357,30324
965,36358,29395
965,36360,28404
965,36553,35332
965,36607,36348
965,36608,36553
965,36609,36351
965,36611,33684
965,36612,36354
965,36700,-1
965,36914,36700
965,36915,33684
965,36976,-1
965,37007,22536
965,37865,-1
965,38011,36360
965,38031,36357
965,38037,-1
965,38038,38037
965,38826,22502
965,38828,20089
965,38936,37007
965,39276,-1
965,39286,-1
965,39505,-1
965,40139,36700
965,41928,38936
965,42034,41928
965,43430,36351
965,44308,39286
965,46136,-1
965,47519,-1
965,48088,-1
965,48893,-1
965,49011,-1
965,51855,-1
965,52718,-1
965,53081,-1
965,53912,-1
965,54611,-1
965,54791,-1
965,55736,-1
965,55739,-1
965,56218,-1
965,57141,-1
965,58535,43430
965,58537,26581
965,58672,58537
965,59858,-1
965,59861,42034
965,60031,22235
965,61310,59861
965,61312,61310
965,61509,-1
965,61811,60031
965,61951,61811
965,62039,61951
965,62062,-1
965,62226,62062
965,62439,61509
965,62825,-1
965,62826,20089
965,62833,20089
965,65573,-1
965,65790,65573
965,66574,38828
965,66588,26851
965,66597,38153
965,68893,-1
965,69031,68893
965,69050,69031
965,69697,66574
965,72336,58672
965,72346,26608
965,72351,26581
965,72353,59861
965,72436,72351
965,72442,72346
965,72448,72336
965,72457,69697
965,72459,72457
965,72846,72457
965,72848,72457
965,73451,-1
965,75572,66588
965,75587,37007
965,76610,-1
965,76611,22261
965,76612,20089
965,76615,26608
965,76618,72442
965,76623,26581
965,76625,72448
965,76630,72436
965,76631,41928
965,76634,75587
965,76637,28404
965,76642,76615
965,76647,76623
965,76648,76625
965,76649,76630
965,76789,62039
965,76792,24055
965,76794,66597
965,76796,38031
965,76800,25921
965,76802,34979
965,76806,38037
965,76807,38037
965,76808,38038
965,76810,40139
965,76812,49011
965,76814,39505
965,77135,-1
965,77253,20089
965,77301,22235
965,78360,-1
965,78876,-1
965,78878,22235
965,78879,22235
965,78880,59858
965,78881,-1
965,79801,-1
965,79802,76611
965,79803,72346
965,79804,76618
965,79889,79801
965,79898,79889
965,79905,79898
965,79908,79905
965,80057,58535
965,80373,26878
965,80823,-1
965,80824,80823
965,80887,65790
965,80888,76808
965,81057,80887
965,81058,81057
965,81061,81057
965,81062,81058
965,81133,81061
965,81183,81133
965,81417,-1
965,81672,58535
965,82455,66597
965,83665,-1
965,84170,-1
965,84180,-1
965,84185,-1
965,84191,-1
965,84192,-1
965,84203,-1
965,84204,-1
965,84205,-1
965,84221,-1
965,84222,-1
965,84225,22235
965,84227,76615
965,84228,-1
965,84232,-1
965,84238,-1
965,84245,-1
965,84246,-1
965,84250,-1
965,84251,-1
965,84253,66574
965,84263,-1
965,84267,76615
965,84270,-1
965,84273,-1
965,84277,-1
965,84279,84277
965,84284,-1
965,84285,-1
965,84289,-1
965,84290,-1
965,84307,-1
965,84309,-1
965,84314,-1
965,84317,-1
965,84340,72346
965,84341,-1
965,84347,-1
965,84364,-1
965,84367,-1
965,84376,-1
965,84388,62833
965,84402,-1
965,84404,-1
965,84412,76611
965,84415,-1
965,84416,84388
965,84417,84253
965,84418,69697
965,84425,84388
965,84426,-1
965,84427,84416
965,84431,-1
965,84432,-1
965,84434,84416
965,84435,84434
965,84436,-1
965,84437,-1
965,84439,-1
965,84440,-1
965,84443,-1
965,84445,-1
965,84464,66574
965,84471,-1
965,84472,-1
965,84483,-1
965,84485,-1
965,84486,-1
965,84497,-1
965,84503,-1
965,84506,-1
965,84507,-1
965,84508,-1
965,84518,-1
965,84525,84412
965,84527,28404
965,84528,-1
965,84530,-1
965,84537,-1
965,84539,-1
965,84543,-1
965,84553,-1
965,84560,-1
965,84562,-1
965,84563,26608
965,84566,-1
965,84567,84227
965,84569,84340
965,84570,72442
965,84577,-1
965,84590,-1
965,84595,-1
965,84599,-1
965,84603,-1
965,84605,69697
965,84613,-1
965,84614,-1
965,84658,-1
965,84662,-1
965,84669,84374
965,84670,-1
965,84688,-1
965,84694,-1
965,84695,-1
965,84719,-1
965,84738,-1
965,84743,-1
965,84744,-1
965,84746,-1
965,84752,-1
965,84760,-1
965,84769,-1
965,84770,-1
965,84795,84605
965,84798,-1
965,84815,-1
965,84825,-1
965,84838,-1
965,84839,84743
965,84852,-1
965,84853,84614
965,84866,-1
965,84919,22261
965,84938,-1
965,84951,-1
965,84965,-1
965,84975,-1
965,84978,-1
965,84980,-1
965,84981,33870
965,84992,-1
965,85006,-1
965,85008,69697
965,85021,-1
965,85033,85006
965,85039,-1
965,85041,84919
965,85054,-1
965,85135,-1
965,85138,-1
965,85168,76612
965,85169,76792
965,85215,-1
965,85216,-1
965,85390,-1
965,85392,-1
965,85466,-1
965,85467,84434
965,85468,85467
965,85495,-1
965,85592,85041
965,85690,-1
965,85800,-1
965,85823,-1
965,86035,-1
965,86094,-1
965,86101,-1
965,86148,86094
965,86315,-1
965,86509,-1
965,87227,-1
965,87620,-1
965,87682,85592
965,87683,79802
965,87684,85168
965,87686,85169
965,87687,85368
965,87690,85373
965,87693,79803
965,87694,85374
965,87696,84563
965,87698,84227
965,87700,84267
965,87705,85377
965,87710,85382
965,87711,26633
965,87712,59858
965,87713,36700
965,87714,84246
965,87732,81183
965,87737,48088
965,87739,81672
965,87746,87620
965,87747,86148
965,87748,85466
965,87749,85138
965,87752,85054
965,87754,84603
965,87756,84562
965,87760,85023
965,87761,80373
965,87987,87683
965,87988,87693
965,87989,87732
965,87990,87739
965,87991,87761
965,88087,87987
965,88088,87988
965,88093,87989
965,88096,87990
965,88102,87991
965,88250,84253
965,88253,-1
965,88278,-1
965,88780,85008
965,88781,84418
965,89313,-1
965,89597,84434
965,89606,89597
965,89607,89606
965,92046,87760
965,92724,-1
965,92943,-1
965,93028,85366
965,93221,87682
965,93694,-1
965,93952,84427
965,93983,93952
965,94037,-1
965,94173,-1
965,94291,94173
965,97493,-1
965,97562,-1
965,97656,97562
965,97658,97656
965,97723,84605
965,98715,98608
965,100436,84569
965,100511,-1
965,115221,89606
965,115223,89607
965,115224,85468
965,115225,84525
965,115226,115225
965,115227,115224
965,115228,115221
965,115956,115228
965,115957,115227
965,119791,-1
965,121057,-1
965,121060,22536
965,121063,72346
965,121065,87693
965,121066,38936
965,121067,78878
965,148154,-1
965,161461,117223
965,199847,-1
1085,1085,0
1085,20622,-1
1085,20800,-1
1085,20801,-1
1085,20915,-1
1085,20919,20915
1085,20932,-1
1085,20937,20932
1085,20948,-1
1085,21038,20919
1085,21042,20801
1085,21177,20937
1085,21180,20756
1085,21183,20724
1085,21216,21038
1085,21385,-1
1085,21411,-1
1085,21422,20919
1085,21452,-1
1085,21497,21452
1085,21504,21130
1085,21515,-1
1085,21595,21365
1085,21609,-1
1085,21657,21411
1085,21660,21218
1085,21662,21038
1085,21663,21365
1085,21669,20800
1085,21672,21595
1085,21677,21367
1085,21699,-1
1085,21711,21452
1085,21712,21657
1085,21713,20948
1085,21724,-1
1085,21731,21180
1085,21732,21177
1085,21733,-1
1085,21758,-1
1085,21871,-1
1085,21960,-1
1085,21962,21758
1085,21964,21851
1085,21966,21497
1085,22117,-1
1085,22189,-1
1085,22300,-1
1085,22555,-1
1085,22745,-1
1085,22750,21657
1085,22753,22598
1085,22754,22555
1085,22756,21871
1085,22836,-1
1085,23475,-1
1085,23476,22555
1085,23477,22189
1085,24194,22555
1085,24203,22300
1085,24205,21966
1085,24207,21657
1085,24215,20948
1085,24218,20919
1085,24221,21595
1085,24329,-1
1085,24698,22817
1085,24701,-1
1085,24818,-1
1085,25306,-1
1085,25879,-1
1085,25881,-1
1085,25882,-1
1085,25884,-1
1085,25885,-1
1085,25999,-1
1085,26117,-1
1085,26209,22555
1085,26218,21662
1085,26483,25885
1085,27098,24701
1085,27107,27098
1085,27419,-1
1085,27710,-1
1085,28530,-1
1085,29125,-1
1085,29609,-1
1085,30231,-1
1085,30235,21711
1085,30240,21595
1085,30963,-1
1085,31174,29609
1085,31850,-1
1085,31906,25999
1085,31976,-1
1085,31977,30963
1085,32000,31977
1085,32001,29609
1085,32002,29125
1085,32394,-1
1085,32395,32394
1085,33345,-1
1085,33736,-1
1085,34506,-1
1085,35634,-1
1085,35635,27419
1085,38166,-1
1085,39934,-1
1085,41077,-1
1085,43402,-1
1085,43696,-1
1085,44325,44189
1085,45427,-1
1085,46475,-1
1085,46476,45427
1085,46477,-1
1085,46478,22009
1085,46500,-1
1085,46537,-1
1085,46695,-1
1085,46720,-1
1085,46722,-1
1085,46762,-1
1085,46801,22555
1085,47025,-1
1085,47071,22555
1085,47124,-1
1085,47247,-1
1085,47336,-1
1085,47500,31850
1085,48335,33219
1085,48452,47500
1085,49054,22555
1085,49059,-1
1085,50034,49144
1085,50035,50034
1085,50288,49149
1085,50289,49150
1085,50306,-1
1085,50707,22555
1085,50978,49145
1085,50979,49159
1085,51655,-1
1085,51952,-1
1085,53241,-1
1085,53453,22555
1085,53454,49054
1085,53455,22817
1085,53457,22011
1085,54537,21758
1085,55471,-1
1085,55495,-1
1085,58777,50707
1085,58779,-1
1085,58781,28530
1085,59829,49054
1085,61315,48335
1085,61656,-1
1085,62074,-1
1085,63085,-1
1085,63088,-1
1085,65917,-1
1085,67640,-1
1085,68860,-1
1085,71970,-1
1085,76483,-1
1085,76995,-1
1085,77406,53454
1085,77514,77406
1085,78236,-1
1085,79342,-1
1085,79343,21571
1085,79344,21960
1085,79345,58781
1085,79346,49127
1085,82030,-1
1085,83226,49153
1085,83227,22555
1085,83228,49054
1085,83229,58777
1085,83230,49148
1085,83231,47071
1085,83232,53453
1085,83233,26209
1085,83234,83233
1085,83235,28530
1085,83236,58781
1085,83237,61315
1085,83238,24329
1085,83239,21871
1085,83924,83229
1085,83990,-1
1085,83991,-1
1085,84654,-1
1085,85238,83924
1085,91136,-1
1085,100386,-1
1085,140105,-1
1085,140106,140105
1085,140107,22011
1085,140108,-1
1085,140109,83235
1085,140110,83237
1085,140111,83227
1085,140112,83234
1085,140114,61315
1085,140115,82030
1085,140116,77747
1085,140117,76995
1085,140118,76483
1085,140119,21669
1085,140120,21677
1085,140122,53241
1085,175301,83236
1114,1114,0
1114,21137,-1
1114,21897,-1
1114,21914,-1
1114,22035,21914
1114,22038,21897
1114,22723,22600
1114,23587,21137
1114,27493,22723
1114,27633,27493
1114,29603,27662
1114,30528,-1
1114,30533,30528
1114,31462,-1
1114,42653,-1
1114,57514,-1
1114,65609,-1
1114,78264,-1
1114,78378,78264
1114,78412,78378
1114,78450,78412
1121,1121,0
1121,21561,-1
1121,21848,21561
1121,22067,-1
1121,23167,21848
1121,23994,-1
1121,24255,23994
1121,24256,-1
1121,47646,22067
1121,47647,21848
1121,47672,-1
1121,47673,-1
1121,47674,47673
1121,47678,22067
1121,47679,22067
1121,47702,-1
1121,47711,-1
1121,47713,-1
1121,47715,-1
1121,47716,21848
1121,47733,-1
1121,47735,-1
1121,47736,22067
1121,47742,47733
1121,47750,-1
1121,47756,-1
1121,47760,47673
1121,47776,-1
1121,47777,-1
1121,47789,-1
1121,47808,47716
1121,47810,-1
1121,47814,-1
1121,47822,-1
1121,47829,-1
1121,47830,-1
1121,47832,-1
1121,47833,-1
1121,47839,-1
1121,47840,22067
1121,47846,-1
1121,47858,-1
1121,47874,-1
1121,47889,-1
1121,47917,-1
1121,47942,47742
1121,48039,-1
1121,48040,-1
1121,48041,-1
1121,48042,-1
1121,48138,-1
1121,48140,48042
1121,48141,47808
1121,48188,47810
1121,48193,-1
1121,49232,-1
1121,50225,-1
1121,50347,-1
1121,50887,-1
1121,51611,-1
1121,51616,-1
1121,52393,-1
1121,52487,52393
1121,52488,48042
1121,53088,48193
1121,53089,51616
1121,53091,51611
1121,53093,48042
1121,53682,-1
1121,53891,-1
1121,53933,-1
1121,53934,-1
1121,53939,-1
1121,54030,-1
1121,54716,52487
1121,55070,54716
1121,58673,-1
1121,60855,-1
1121,61193,60855
1121,66340,-1
1121,67618,66340
1121,70472,-1
1121,71340,-1
1121,76052,-1
1121,81572,-1
1121,138388,23167
1121,138389,53891
1121,138390,51616
1121,138392,53933
1121,138393,52393
1121,138394,53934
1121,138395,22067
1266,1266,0
1266,21475,-1
1266,21538,-1
1266,21547,21538
1266,21570,-1
1266,21611,21570
1266,21714,-1
1266,21811,-1
1266,21932,-1
1266,22028,21932
1266,22030,21714
1266,22036,21811
1266,22047,-1
1266,22052,-1
1266,22064,-1
1266,22065,-1
1266,22068,-1
1266,22317,-1
1266,22945,22317
1266,23351,-1
1266,23729,23351
1266,23776,23729
1266,23793,22036
1266,24192,-1
1266,24429,-1
1266,24490,24192
1266,24491,24429
1266,24705,23351
1266,24937,24705
1266,25479,-1
1266,27064,24491
1266,27065,27064
1266,28377,27064
1266,30242,24429
1266,30436,24491
1266,30437,28377
1266,30438,30242
1266,30439,22064
1266,32656,27064
1266,32657,23776
1266,32658,24705
1266,32659,22317
1266,32660,23351
1266,32661,-1
1266,32712,32656
1266,32725,32712
1266,32733,32726
1266,32739,21932
1266,32775,32743
1266,32924,32923
1266,34042,-1
1266,34993,-1
1266,36540,-1
1266,51663,-1
1266,52666,24705
1266,58220,32658
1266,58301,58220
1266,65906,-1
1266,67854,-1
1266,74864,23351
1266,78272,-1
1266,80590,-1
1284,1284,0
1284,21661,-1
1284,21683,-1
1284,21720,21661
1284,21721,21720
1284,21789,-1
1284,22020,-1
1284,22062,-1
1284,22080,22020
1284,22270,22020
1284,22271,21721
1284,22327,21721
1284,22613,-1
1284,28965,24182
1284,31539,-1
1284,32011,-1
1284,38966,28965
1284,39042,21720
1284,39044,28965
1284,39364,32011
1284,39660,28965
1284,40089,28965
1284,53887,-1
1284,56859,-1
1284,57158,-1
1284,58461,48921
1284,60807,57158
1284,65375,-1
1284,68403,58490
1284,75411,57158
1284,75413,53887
1284,75415,28965
1284,75421,39364
1284,75663,75415
1284,78349,-1
1284,79035,-1
1284,86943,-1
1284,89645,-1
1284,91132,-1
1284,92038,21720
1284,96469,-1
1419,1419,0
1419,22144,-1
1419,22146,-1
1419,22250,22146
1419,22252,22144
1419,22340,22279
1419,22388,-1
1419,22407,22340
1419,22433,22279
1419,22451,22388
1419,22458,22279
1419,22462,22433
1419,22465,22340
1419,22467,-1
1419,22477,22340
1419,22499,22467
1419,22513,-1
1419,22515,-1
1419,22547,22513
1419,22551,22504
1419,22556,22467
1419,22565,22515
1419,22572,22340
1419,22583,-1
1419,22609,-1
1419,22610,-1
1419,22671,22609
1419,22674,22671
1419,22695,-1
1419,22705,22695
1419,22764,22705
1419,22769,22764
1419,22859,-1
1419,22860,-1
1419,22861,22504
1419,22862,22859
1419,22864,22388
1419,22866,-1
1419,22867,22860
1419,22985,-1
1419,23072,22985
1419,23074,22887
1419,23076,23074
1419,23089,-1
1419,23149,23089
1419,23150,23149
1419,23151,22985
1419,23178,-1
1419,23180,-1
1419,23287,-1
1419,23288,23287
1419,23293,-1
1419,23331,23293
1419,23613,23293
1419,23619,22891
1419,23620,22891
1419,23622,22864
1419,23623,22477
1419,23628,23180
1419,23629,22866
1419,24165,-1
1419,24188,24165
1419,24189,24188
1419,24440,-1
1419,24686,-1
1419,24960,24440
1419,24970,24686
1419,24974,24970
1419,24975,24440
1419,24983,-1
1419,24989,24983
1419,25005,24686
1419,25007,24989
1419,25098,-1
1419,25136,25119
1419,25138,25124
1419,25142,25098
1419,25176,25145
1419,25188,25119
1419,25267,25145
1419,25271,25267
1419,25274,-1
1419,25368,22862
1419,25385,-1
1419,25411,25289
1419,25412,25385
1419,25414,25412
1419,25420,25271
1419,25437,25385
1419,25472,25437
1419,25484,-1
1419,25502,-1
1419,25518,-1
1419,25520,22513
1419,25662,-1
1419,25673,25662
1419,25766,-1
1419,25778,25662
1419,25791,25778
1419,25804,25791
1419,25807,25518
1419,25864,-1
1419,25869,25864
1419,25880,-1
1419,25901,-1
1419,25906,25901
1419,25979,25864
1419,25983,-1
1419,26023,25983
1419,26034,-1
1419,26048,26023
1419,26059,25864
1419,26071,26055
1419,26198,-1
1419,26229,26059
1419,26231,25869
1419,26233,25979
1419,26271,26229
1419,26275,26198
1419,26317,26055
1419,26369,-1
1419,26580,-1
1419,26614,26580
1419,26631,26614
1419,26635,26631
1419,26646,26635
1419,26650,26635
1419,26763,26750
1419,26764,26738
1419,26779,26738
1419,26780,26635
1419,26793,26792
1419,26907,-1
1419,26908,26907
1419,26925,26921
1419,26927,26924
1419,26954,-1
1419,26965,26954
1419,27083,24440
1419,27086,27083
1419,27199,-1
1419,27271,-1
1419,27353,-1
1419,27357,27353
1419,27420,27083
1419,27573,-1
1419,27583,27271
1419,27637,27583
1419,27698,27677
1419,27706,27701
1419,27745,27734
1419,27777,27706
1419,27795,27698
1419,27997,27746
1419,27999,27997
1419,28267,28257
1419,28337,28256
1419,28344,28262
1419,28346,28267
1419,28568,-1
1419,28571,28568
1419,28633,-1
1419,28637,28633
1419,28708,28637
1419,28718,28708
1419,28732,28660
1419,28733,28718
1419,28791,-1
1419,28799,28791
1419,28802,28770
1419,28804,28708
1419,28806,28804
1419,28807,28718
1419,28922,28791
1419,28924,28806
1419,28925,28807
1419,28933,28913
1419,28960,28922
1419,28964,28960
1419,28968,28925
1419,29034,-1
1419,29045,28968
1419,29046,29034
1419,29061,29046
1419,29067,29045
1419,29092,29088
1419,29122,29094
1419,29151,-1
1419,29229,29092
1419,29235,29229
1419,29237,29229
1419,29238,29151
1419,29242,29235
1419,29246,29238
1419,29300,-1
1419,29311,29300
1419,29312,29242
1419,29509,29500
1419,29760,-1
1419,29779,29772
1419,29787,-1
1419,29801,29787
1419,29802,-1
1419,29836,29813
1419,29838,29820
1419,30095,30088
1419,30105,29813
1419,30106,-1
1419,30184,30105
1419,30196,30106
1419,30199,30196
1419,30342,30106
1419,30345,30196
1419,30346,30088
1419,30347,29802
1419,30348,29787
1419,30349,29300
1419,30350,29238
1419,30351,28791
1419,30352,28633
1419,30353,27573
1419,30354,27353
1419,30355,27199
1419,30356,26954
1419,30357,26907
1419,30358,26198
1419,30359,26034
1419,30360,25983
1419,30361,25979
1419,30362,25662
1419,30363,25502
1419,30364,25274
1419,30365,27083
1419,30366,23293
1419,30367,23089
1419,30368,22866
1419,30369,22860
1419,30370,22859
1419,30371,25368
1419,30372,22695
1419,30373,22764
1419,30374,22609
1419,30375,22515
1419,30377,22513
1419,30378,25520
1419,30379,22467
1419,30380,22146
1419,30381,22144
1419,30382,22407
1419,30383,22433
1419,30442,29787
1419,30567,-1
1419,30576,30567
1419,30631,30576
1419,30657,30631
1419,30738,30681
1419,30750,-1
1419,30857,-1
1419,30858,30857
1419,30859,30858
1419,31067,30859
1419,31070,31067
1419,31156,-1
1419,31158,31156
1419,31159,31156
1419,31160,31159
1419,31168,-1
1419,31178,31168
1419,31309,31156
1419,31310,31309
1419,31478,31310
1419,31599,-1
1419,31856,-1
1419,31866,31309
1419,32173,31856
1419,32182,-1
1419,32310,-1
1419,32350,32310
1419,32351,32182
1419,32355,32310
1419,32356,32182
1419,32446,31309
1419,32523,-1
1419,32524,32523
1419,32531,-1
1419,32532,32523
1419,32541,32526
1419,32544,32531
1419,32545,32543
1419,32547,32446
1419,32550,32548
1419,32602,32589
1419,32978,32546
1419,32979,32544
1419,32980,32526
1419,32981,32541
1419,32982,31599
1419,33142,32998
1419,33143,33142
1419,33145,32998
1419,33149,33000
1419,33152,33149
1419,33179,33151
1419,33180,33151
1419,33188,33186
1419,33189,33184
1419,33190,33184
1419,33422,33385
1419,33423,33386
1419,33424,33423
1419,33432,33431
1419,33469,33454
1419,33471,33456
1419,33823,33456
1419,33826,33823
1419,33829,33826
1419,33831,33829
1419,33833,33491
1419,33836,33834
1419,33837,33834
1419,33845,33838
1419,33917,33849
1419,33951,32602
1419,33952,33951
1419,33953,33952
1419,34138,33849
1419,34205,33431
1419,34326,-1
1419,34400,34326
1419,34401,34138
1419,34612,32526
1419,34806,-1
1419,34807,34806
1419,34808,34807
1419,34809,34808
1419,34923,-1
1419,34937,34923
1419,34938,34806
1419,34939,34808
1419,34940,34939
1419,34983,-1
1419,35020,34983
1419,35037,-1
1419,35540,-1
1419,37211,-1
1419,37278,-1
1419,37469,-1
1419,37472,37211
1419,37478,35037
1419,37482,37278
1419,37485,35540
1419,38784,-1
1419,38817,-1
1419,39047,38784
1419,39537,-1
1419,40909,-1
1419,40910,-1
1419,40911,40909
1419,41062,-1
1419,41156,-1
1419,41560,41156
1419,41562,41062
1419,41563,40910
1419,41566,38817
1419,41568,39537
1419,41588,22671
1419,41594,41588
1419,42191,-1
1419,42193,42191
1419,42199,42193
1419,42569,-1
1419,42570,-1
1419,42630,-1
1419,42631,22609
1419,42633,22671
1419,42650,-1
1419,42834,42569
1419,42837,42630
1419,43388,-1
1419,43409,-1
1419,43671,-1
1419,43738,43735
1419,43740,43738
1419,43821,42633
1419,44401,-1
1419,44745,-1
1419,44814,44745
1419,45093,-1
1419,45103,-1
1419,45259,45103
1419,45260,45093
1419,45261,43409
1419,45262,43671
1419,45264,43388
1419,45265,42650
1419,45357,-1
1419,45409,45357
1419,45414,45103
1419,45503,-1
1419,45509,45503
1419,45800,-1
1419,45804,45800
1419,45807,45804
1419,45827,-1
1419,45860,45827
1419,46257,-1
1419,46485,46257
1419,46716,-1
1419,46717,46716
1419,46769,-1
1419,46771,46769
1419,46774,46771
1419,46781,46774
1419,46803,42633
1419,47207,-1
1419,47536,-1
1419,47538,47536
1419,47639,-1
1419,47641,47639
1419,47869,-1
1419,47879,-1
1419,47885,-1
1419,48142,-1
1419,49501,-1
1419,49505,49501
1419,49701,49505
1419,50563,-1
1419,51502,42633
1419,53557,-1
1419,54028,23180
1419,54318,-1
1419,54319,54318
1419,54320,54319
1419,54321,54320
1419,54776,-1
1419,54875,-1
1419,55462,-1
1419,55517,-1
1419,56145,-1
1419,57195,-1
1419,58060,-1
1419,58137,-1
1419,58831,42633
1419,60007,-1
1419,60112,60007
1419,60131,-1
1419,60212,60112
1419,60216,60212
1419,60218,60216
1419,60308,-1
1419,60357,-1
1419,60474,60308
1419,60475,60357
1419,60476,60131
1419,60479,58137
1419,60483,58060
1419,60486,56145
1419,60489,55517
1419,60490,55517
1419,61109,-1
1419,61112,-1
1419,61135,23180
1419,61149,-1
1419,61150,61149
1419,61151,61150
1419,61152,61151
1419,61159,61152
1419,61235,61149
1419,61238,61152
1419,61252,61235
1419,61575,-1
1419,61699,-1
1419,61708,61699
1419,62247,61135
1419,62255,-1
1419,62265,62247
1419,62266,62265
1419,65657,-1
1419,65671,65657
1419,65706,42633
1419,65707,22891
1419,67273,-1
1419,67293,67273
1419,67294,65896
1419,67350,-1
1419,68910,-1
1419,68913,62265
1419,68921,68910
1419,68938,68921
1419,68950,68938
1419,68969,68950
1419,68974,-1
1419,69000,-1
1419,69017,-1
1419,69018,49701
1419,69037,69017
1419,69832,-1
1419,70421,-1
1419,70540,-1
1419,71214,-1
1419,72083,-1
1419,72220,-1
1419,73429,-1
1419,73436,-1
1419,74079,-1
1419,74323,-1
1419,74324,74079
1419,74744,-1
1419,74956,-1
1419,75555,-1
1419,77077,-1
1419,77274,-1
1419,77341,77274
1419,77342,77077
1419,77343,74956
1419,78077,-1
1419,78078,30374
1419,78224,-1
1419,78767,-1
1419,79048,-1
1419,79089,-1
1419,79141,-1
1419,79142,79141
1419,79143,79089
1419,79144,79089
1419,79713,-1
1419,80033,-1
1419,80225,61135
1419,80349,-1
1419,80352,23062
1419,80353,80349
1419,81969,-1
1419,82341,79089
1419,82413,-1
1419,83384,-1
1419,84126,-1
1419,84174,-1
1419,84276,-1
1419,84381,84276
1419,84384,84174
1419,84386,84126
1419,84615,62247
1419,85175,-1
1419,85329,-1
1419,85343,85329
1419,85346,85343
1419,87240,-1
1419,88839,-1
1419,89315,-1
1419,89343,89315
1419,89410,89343
1419,90251,-1
1419,90328,90251
1419,92922,-1
1419,93176,-1
1419,94633,-1
1419,96232,-1
1419,97434,-1
1419,97439,84384
1419,97442,78224
1419,97444,97442
1419,97481,97444
1419,97486,97481
1419,97565,-1
1419,98845,-1
1419,103452,-1
1419,106854,-1
1419,106857,80225
1419,106921,44745
1419,106922,98845
1419,106925,85346
1419,106926,85346
1419,106927,106925
1419,106928,84386
1419,106929,80353
1419,106931,79142
1419,106932,79144
1419,107797,-1
1419,114221,-1
1419,114331,-1
1419,114333,43821
1419,114353,114331
1419,117686,61135
1419,118705,-1
1419,119779,-1
1419,119850,-1
1419,120068,-1
1419,120708,-1
1419,120742,-1
1419,120905,120742
1419,121018,120905
1419,129274,-1
1419,182745,-1
1824,1824,0
1824,24000,-1
1824,24006,-1
1824,24133,-1
1824,24137,24133
1824,24162,-1
1824,24164,-1
1824,24219,-1
1824,24387,-1
1824,24551,24387
1824,24557,24547
1824,24559,24547
1824,24950,-1
1824,25377,-1
1824,25504,25377
1824,25505,24950
1824,25632,-1
1824,25691,25632
1824,26450,-1
1824,26454,24557
1824,28120,-1
1824,28927,-1
1824,29241,24559
1824,29354,24557
1824,29585,-1
1824,29961,29658
1824,30154,-1
1824,30175,30154
1824,30429,-1
1824,30460,30429
1824,30535,-1
1824,31227,-1
1824,33343,-1
1824,33361,-1
1824,33729,-1
1824,34799,-1
1824,34805,34799
1824,35925,-1
1824,37092,-1
1824,37290,-1
1824,37302,-1
1824,47642,25377
1824,65438,-1
1824,65821,-1
1824,65823,-1
1824,69673,-1
1824,80193,-1
1824,82004,-1
1824,94479,24133
1824,97858,-1
1824,108867,-1
1824,119445,-1
1863,1863,0
1863,24270,-1
1863,24356,-1
1863,24388,-1
1863,24654,-1
1863,24699,24388
1863,25048,-1
1863,25052,24367
1863,25223,-1
1863,25397,-1
1863,25563,-1
1863,25568,-1
1863,26456,25715
1863,26676,25052
1863,27046,-1
1863,27444,-1
1863,28618,-1
1863,29280,26676
1863,31314,-1
1863,31316,25563
1863,33398,-1
1863,33468,33398
1863,33489,-1
1863,34914,-1
1863,35055,34914
1863,35615,35612
1863,35755,35612
1863,35756,-1
1863,42306,-1
1863,42308,35055
1863,42366,42308
1863,42367,42306
1863,44095,24356
1863,44096,42367
1863,44097,44096
1863,44817,-1
1863,45196,44817
1863,45197,44817
1863,45452,45196
1863,45456,45197
1863,45471,45452
1863,45473,45456
1863,45487,45471
1863,45491,45473
1863,45501,44096
1863,47549,47514
1863,47551,47512
1863,47552,47511
1863,47554,47513
1863,51447,-1
1863,53632,-1
1863,65134,-1
1863,65135,24699
1863,65136,47551
1863,65138,-1
1863,65139,26456
1863,65140,53632
1863,76173,-1
1863,89828,-1
1863,108067,-1
1918,1918,0
1918,24576,-1
1918,25115,-1
1918,25213,-1
1918,25516,25213
1918,25521,24576
1918,25523,25521
1918,25528,25115
1918,25530,-1
1918,25533,25528
1918,25539,-1
1918,33547,-1
1918,33552,25213
1918,33554,24576
1918,33555,24576
1918,33570,-1
1918,37810,-1
1918,105334,-1
1918,105337,-1
1918,105347,33547
1918,105872,105337
1918,105935,105337
1918,107144,-1
1918,107478,107144
1918,107491,107478
1918,107497,107491
1918,107498,107497
1918,107500,107498
1918,107503,107500
1918,107504,107503
1918,107505,107497
1918,107508,107491
1918,107510,107504
1918,107512,107505
1918,127332,-1
1918,127404,127332
1918,134829,127404
1937,1937,0
1937,24733,-1
1937,24758,-1
1937,25031,24733
1937,25064,-1
1937,25066,25031
1937,25086,25031
1937,25220,25086
1937,27125,-1
1937,28121,-1
1937,28423,-1
1937,29587,-1
1937,30226,28423
1937,31676,-1
1937,31677,28121
1937,33629,-1
1937,36529,31677
1937,36535,-1
1937,43634,-1
2121,2121,0
2121,25948,-1
2121,26108,-1
2121,26178,-1
2121,26321,25948
2121,26363,26178
2121,26364,26108
2121,26365,25948
2121,26371,26321
2121,26594,-1
2121,29438,-1
2121,34475,-1
2121,36394,26594
2121,60834,-1
2121,60839,34475
2121,60842,26321
2121,60847,60839
2121,61129,60847
2121,61304,60842
2121,74904,25948
2121,74906,36394
2121,74910,34475
2135,2135,0
2135,26740,-1
2135,26798,-1
2135,36392,-1
2135,39094,26740
2135,39095,36392
2135,39096,-1
2135,39244,39095
2135,39253,39244
2135,40403,39094
2135,40405,39253
2135,40830,40405
2135,40831,40403
2135,41073,40830
2135,41456,41073
2135,41463,41073
2135,41469,41073
2135,41470,41073
2135,41471,41073
2135,41473,41073
2135,41474,41073
2135,41475,41073
2135,41476,41073
2135,41690,41456
2135,41701,41463
2135,41706,41469
2135,41713,41470
2135,41716,41471
2135,41739,41473
2135,41759,41475
2135,41768,40831
2135,86919,26740
2412,2412,0
2412,28158,-1
2412,28664,-1
2412,28930,28664
2412,29160,28930
2412,29256,29160
2412,29282,-1
2412,29473,29282
2412,30002,29473
2412,30710,30002
2412,34532,-1
2412,34546,34532
2412,34552,34546
2412,34558,34552
2412,34559,34558
2412,34607,34559
2412,34816,34607
2412,35015,34816
2412,35344,35015
2412,58533,-1
2412,58536,30710
2445,2445,0
2445,28500,-1
2445,28590,-1
2445,28595,28590
2445,28601,-1
2445,28603,-1
2445,28713,-1
2445,28776,28601
2445,29210,28713
2445,29211,28776
2445,29249,29210
2445,29401,29249
2445,29406,29249
2445,29412,29249
2445,29414,29249
2445,29422,29249
2445,29446,29412
2445,29447,29412
2445,29512,29414
2445,29618,29447
2445,29619,29447
2445,29621,29512
2445,29623,29446
2445,29984,29623
2445,31956,-1
2445,33832,31956
2513,2513,0
2513,28911,-1
2513,28928,-1
2513,28970,-1
2513,28977,28970
2513,28979,-1
2513,28995,28928
2513,29002,28911
2513,29064,28995
2513,29126,29103
2513,29128,29126
2513,29129,28928
2513,29131,29129
2513,29141,-1
2513,29939,-1
2513,65482,-1
2513,74914,28928
2513,95864,29939
2513,96649,95864
2524,2524,0
2524,29068,-1
2524,29072,-1
2524,29086,-1
2524,29152,29086
2524,29338,29152
2524,29543,-1
2524,29589,-1
2524,29594,29589
2524,29595,29543
2524,29596,29594
2524,29597,29596
2524,29598,29595
2524,29601,29598
2524,29602,29597
2524,29612,29068
2524,29615,29602
2524,29912,-1
2524,30011,29912
2524,30035,-1
2524,30036,29543
2524,30064,30035
2524,30066,30036
2524,30067,29338
2524,30169,30064
2524,30701,-1
2524,31193,30701
2524,31986,-1
2524,32109,-1
2524,32239,32109
2524,32240,31986
2524,35505,29601
2524,35520,-1
2524,36656,-1
2524,40918,-1
2524,44291,-1
2524,44296,29612
2524,47081,40918
2524,47082,44291
2524,56149,-1
2524,56320,-1
2524,56323,29543
2524,96383,-1
2524,97891,-1
2538,2538,0
2538,29110,-1
2538,29244,-1
2538,29245,29110
2538,29345,-1
2538,29396,-1
2538,29521,-1
2538,29626,-1
2538,29740,-1
2538,29793,-1
2538,29794,29626
2538,29795,29521
2538,29938,-1
2538,30463,-1
2538,30899,-1
2538,31898,29795
2538,31955,30899
2538,32936,-1
2538,34091,30463
2538,34663,-1
2538,34670,-1
2538,34672,34670
2538,35263,34670
2538,35264,34670
2538,35266,34672
2538,35267,31955
2538,35268,-1
2538,35427,35268
2538,35428,35267
2538,37477,-1
2538,37973,35264
2538,39088,29245
2538,39090,29626
2538,39091,30083
2538,40664,-1
2538,41199,-1
2538,41317,-1
2538,41318,29626
2538,42128,-1
2538,43746,-1
2538,44809,29626
2538,44810,-1
2538,46142,-1
2538,46415,-1
2538,46675,46142
2538,46676,42128
2538,46677,40664
2538,46678,37477
2538,46679,37973
2538,46680,32936
2538,46681,30463
2538,46682,30083
2538,46683,29938
2538,46684,29793
2538,46685,29396
2538,47973,-1
2538,47974,-1
2538,47975,46680
2538,47976,46682
2538,47977,34670
2538,48807,-1
2538,52536,-1
2538,52537,35263
2538,52709,-1
2538,54070,-1
2538,55341,-1
2538,60037,39088
2538,60630,-1
2538,61311,-1
2538,67667,-1
2538,70701,29110
2538,71724,-1
2538,71737,34670
2538,71738,-1
2538,74992,35266
2538,75312,-1
2538,75394,-1
2538,75456,75394
2538,75457,71738
2538,75462,71724
2538,75464,67517
2538,75465,55341
2538,76259,-1
2538,78337,-1
2538,78708,-1
2538,79331,-1
2538,79413,-1
2538,79414,34670
2538,79415,-1
2538,79416,34670
2538,79417,29110
2538,79522,-1
2538,79906,-1
2538,81679,-1
2538,82481,-1
2538,82506,75465
2538,83026,82481
2538,83149,-1
2538,83240,79414
2538,83241,79416
2538,83242,35266
2538,83243,52537
2538,83244,29396
2538,83245,29110
2538,83246,29245
2538,83247,39088
2538,83248,60037
2538,83249,29793
2538,83263,83149
2538,83265,-1
2538,83669,-1
2538,86045,-1
2538,87158,-1
2538,87980,-1
2538,88016,87980
2538,88017,87158
2538,88018,86045
2538,88019,84775
2538,88191,-1
2538,88386,88191
2538,89062,-1
2538,89379,-1
2538,89510,89379
2538,89537,89510
2538,89663,-1
2538,90100,89663
2538,90109,-1
2538,91133,-1
2538,91487,-1
2538,91574,91133
2538,91577,91487
2538,91955,-1
2538,93124,34670
2538,95598,-1
2538,96770,-1
2538,96902,96770
2538,99038,-1
2538,99437,34670
2538,99439,71737
2538,99440,83241
2538,99466,-1
2538,119867,99440
2538,122846,119867
2538,174577,-1
2551,2551,0
2551,29397,-1
2551,29534,-1
2551,29541,-1
2551,30120,29534
2551,30121,29455
2551,30123,29937
2551,30208,29397
2551,30227,30121
2551,30255,30227
2551,30261,30255
2551,30277,30261
2551,30281,30277
2551,30283,30281
2551,30288,29937
2551,30309,30277
2551,30312,30281
2551,30315,30283
2551,30397,30288
2551,30518,30309
2551,31040,-1
2551,31042,31040
2551,39938,-1
2551,88145,-1
2576,2576,0
2576,29487,-1
2576,29576,29487
2576,29604,-1
2576,29613,29577
2576,29614,29604
2576,29702,-1
2576,29987,-1
2576,30389,-1
2576,30752,-1
2576,31661,29614
2576,32017,30389
2576,33718,-1
2576,34452,-1
2576,39087,29576
2576,58608,-1
2576,73836,30389
2576,77498,-1
2576,89800,-1
2576,94253,-1
2944,2944,0
2944,32095,-1
2944,32119,-1
2944,32122,32119
2944,32123,32095
2944,32135,32123
2944,32138,32099
2944,32140,32119
2944,32143,32135
2944,32144,32140
2944,32145,32144
2944,32146,32145
2944,32149,32146
2944,32158,32149
2944,32161,32158
2944,32162,32149
2944,32163,32162
2944,32202,-1
2944,32230,-1
2944,32874,32095
2944,32875,32096
2944,32880,32202
2944,32883,32138
2944,33111,32202
2944,53137,53112
2944,53148,52848
2944,53492,53164
2944,55557,53599
2944,59128,55681
2944,59147,59140
2944,59172,59169
2944,59173,59168
2944,59187,59181
2944,59191,59180
2944,60943,59194
2944,60960,60954
2944,60964,60961
2944,95309,-1
3044,3044,0
3044,32826,-1
3044,32827,-1
3044,32887,32826
3044,32937,-1
3044,32946,32937
3044,32961,32887
3044,32962,32887
3044,32963,32887
3044,33041,32961
3044,33042,32962
3044,33043,32963
3044,33133,32946
3044,33136,32937
3044,33139,33136
3044,33140,32827
3044,33163,33140
3044,33331,33163
3044,33565,33041
3044,33567,33042
3044,33571,33043
3044,33651,33565
3044,33653,33567
3044,33751,33651
3044,33754,33653
3044,33981,-1
3044,33982,33754
3044,33984,33981
3044,34066,33982
3044,35273,33139
3044,35274,33140
3044,35275,32887
3044,35607,32937
3044,35609,35273
3044,35610,35274
3044,35611,35275
3044,48177,33139
3044,48178,33140
3044,49020,33981
3044,49047,48177
3044,49050,49020
3044,50940,49047
3044,50941,49050
3044,50990,50940
3044,50992,50941
3044,51434,50992
3044,51443,51434
3044,51444,51443
3044,51849,51443
3044,68708,-1
3044,70677,-1
3078,3078,0
3078,33029,-1
3078,33032,33029
3078,33046,33032
3078,33054,33046
3078,33065,33054
3078,33066,33054
3078,33070,33065
3078,33083,-1
3078,33084,33070
3078,99079,-1
3078,99080,33084
3165,3165,0
3165,33814,-1
3165,33815,33814
3165,33820,33815
3165,33821,33820
3165,33822,-1
3165,33858,33820
3165,33895,33858
3165,33914,33895
3165,33915,-1
3165,33935,33914
3165,33936,33915
3165,33948,33936
3165,34055,-1
3165,34101,34055
3165,34105,33935
3165,34149,34055
3165,34317,34101
3165,34360,34317
3165,34417,34317
3165,34516,34105
3165,34522,34417
3165,34523,34360
3165,34548,34523
3165,34549,34522
3165,34554,34548
3165,34556,34516
3165,34557,34549
3165,34567,34554
3165,34601,34557
3165,34603,34554
3165,34604,34567
3165,35087,34604
3165,35132,34149
3165,35303,35132
3165,35781,34601
3165,38937,34603
3165,38947,-1
3165,38948,33915
3165,39035,38948
3165,45130,-1
3165,48592,-1
3165,56089,-1
3165,56090,-1
3165,66566,-1
3165,67834,66566
3165,67838,56090
3165,67839,56089
3165,67841,40191
3165,67845,45130
3165,67847,38947
3165,67851,67839
3165,67860,67851
3165,67996,67860
3165,68402,-1
3165,69139,67847
3165,83753,56089
3165,84884,-1
3165,89839,-1
3165,166477,-1
3481,3481,0
3481,35448,-1
3481,35493,35448
3481,35650,35493
3481,50200,49995
3481,95742,-1
3481,95743,50219
3481,96012,95767
3481,96019,96018
3481,96200,96019
3587,3587,0
3587,35844,35824
3587,35845,-1
3587,35860,35824
3587,35862,35844
3587,35863,35845
3587,35864,-1
3587,35875,35863
3587,36864,35862
3587,71244,-1
3587,83418,35863
3587,83420,83418
3587,96882,35824
3905,3905,0
3905,37121,-1
3905,37236,-1
3905,37314,-1
3905,37346,-1
3905,37528,-1
3905,37642,37528
3905,37646,-1
3905,40925,37528
3905,40952,-1
3905,49086,49030
3905,49087,49030
3905,81777,-1
4293,4293,0
4293,37825,-1
4293,37847,-1
4293,37852,-1
4293,37863,-1
4293,37911,-1
4293,37923,37911
4293,37933,-1
4293,38036,-1
4293,38073,-1
4293,38171,37863
4293,38176,38171
4293,38309,37863
4293,38322,37863
4293,38333,38309
4293,38349,-1
4293,38488,37863
4293,38496,38488
4293,38530,-1
4293,40795,-1
4293,44167,-1
4293,99869,38322
4541,4541,0
4541,38777,-1
4541,38883,38777
4541,38953,-1
4541,39032,38953
4541,39136,-1
4541,39161,39136
4541,39163,39161
4541,40022,39032
4541,40043,40022
4541,40122,40022
4541,40133,40122
4541,40156,40133
4541,40177,40133
4541,40281,40133
4541,40283,40281
4541,40286,40133
4541,40287,40133
4541,40288,39163
4541,40785,40286
4541,40877,40785
4541,40883,40877
4541,40933,40883
4541,40940,40883
4541,41947,-1
4541,41990,41947
4541,42351,-1
4541,42361,42351
4541,46390,-1
4541,46996,42351
4541,46997,41947
4541,46998,40288
4541,46999,39136
4541,47000,-1
4541,47043,46996
4541,47096,46998
4541,47097,46999
4541,47098,46390
4541,47099,46996
4541,47100,46997
4541,48935,-1
4541,48998,48935
4541,49165,48935
4541,66630,-1
4541,66634,66630
4541,67663,-1
4541,69567,-1
4541,69686,69567
4541,83225,-1
4541,83251,47099
4541,85689,83225
4541,86056,85689
4541,86088,86056
4541,89799,-1
4541,93161,-1
4541,93180,93161
4541,128699,-1
4541,128701,-1
4541,128909,128701
4541,130338,128909
4541,130396,130338
6931,6931,0
6931,49982,-1
6931,50047,-1
6931,50174,49982
6931,50308,50174
6931,50315,50308
6931,50534,50174
6931,50538,50534
6931,50680,50538
6931,50766,50680
6931,52098,50766
6931,52118,52098
6931,52567,52118
6931,52568,52567
6931,52571,52568
6931,52581,52571
6931,53132,52581
6931,53186,53132
6931,55654,-1
6931,55871,55654
7382,7382,0
7382,52943,-1
7382,52953,-1
7382,53024,52953
7382,53195,-1
7382,53204,53195
7382,53459,53204
7382,53460,52943
7382,53470,53459
7382,53472,53459
7382,53516,53460
7382,53525,53470
7382,53526,53525
7382,53534,53526
7382,53555,53534
7382,53559,53525
7382,53561,53555
7482,7482,0
7482,53946,53944
7482,53950,53946
7482,54031,53974
7482,54032,53975
7482,54090,-1
7482,54091,-1
7482,54092,54090
7482,54122,-1
7482,54123,-1
7482,54125,-1
7482,54126,-1
7482,54195,54184
7482,54196,54183
7482,54200,54197
7482,54202,54198
7482,54204,54198
7482,54227,54122
7482,54231,54091
7482,54233,54125
7482,54241,54123
7482,54242,54122
7482,54243,54231
7482,54244,-1
7482,54911,-1
7482,56176,-1
7482,58739,-1
7482,59719,-1
7482,81386,54241
7482,81387,54241
7482,107986,-1
7482,107987,107986
7482,107988,98851
7488,7488,0
7488,54065,-1
7488,54079,54065
7488,54105,54079
7488,54136,54105
7488,56296,54065
7488,56297,54065
7488,57425,-1
7488,57739,-1
7488,57967,-1
7488,58153,57739
7488,58525,58153
7488,58824,-1
7488,70280,56297
7488,70283,56297
7488,101532,57425
7633,7633,0
7633,55158,-1
7633,55379,-1
7633,58619,-1
7633,58623,58619
7633,58744,-1
7633,58767,58744
7633,58771,55379
7633,58772,55158
7633,60678,-1
7633,60698,60678
8188,8188,0
8188,59745,-1
8188,59753,-1
8188,59764,-1
8188,59903,-1
8188,59917,-1
8188,59978,-1
8188,60001,59903
8188,60231,-1
8188,60448,-1
8188,60664,-1
8188,60754,60664
8188,61249,-1
8188,78261,-1
8188,99747,-1
8188,106935,60664
8188,106939,-1
8188,109138,-1
8188,112164,-1
8188,112605,59753
8188,112606,106939
8188,114336,59978
8188,116886,-1
8188,117685,-1
8188,120246,-1
8188,121621,-1
8253,8253,0
8253,60103,-1
8253,60175,-1
8253,60528,-1
8253,61108,-1
8253,61766,60784
8253,61978,60781
8253,61979,61978
8253,91125,-1
8253,98762,-1
8253,110562,-1
8640,8640,0
8640,61169,61167
8640,61180,61178
8640,61186,61178
8640,61192,61185
8640,61195,-1
8640,61196,61185
8640,61198,61185
8640,61210,61207
8640,61212,61208
8640,61216,61209
8640,61219,61216
8640,61231,61221
8640,61236,61214
8640,61309,61167
8640,61327,61324
8640,61331,61329
8640,61416,61215
8640,61479,-1
8640,61480,61195
8640,61547,61332
8640,61725,61714
8640,61726,61715
8640,61729,61714
8640,61776,61771
8640,61787,61772
8640,61788,61773
8640,61789,61771
8640,61814,61793
8640,61815,61794
8640,61817,61796
8640,61893,61796
8640,61894,61835
8640,61895,61832
8640,61964,-1
8640,61994,61988
8640,61996,61989
8640,62052,61990
8640,62057,62055
8640,64315,-1
8640,65314,61480
8640,93030,61964
8640,110685,-1
8640,168697,65314
10195,10195,0
10195,72344,-1
10195,72582,-1
10195,72649,-1
10195,72717,72582
10195,72842,72582
10195,73402,73091
10195,73589,72717
10195,73590,-1
10195,73604,73589
10195,76244,72842
10195,76247,73590
10195,76776,76244
10195,76777,76244
10195,76778,76244
10195,76779,76244
10195,76784,76779
10195,76785,76778
10195,76786,76777
10195,76788,76776
10195,76809,76784
10195,76816,-1
10195,76821,76788
10195,76822,76786
10195,76823,76785
10195,76831,76816
10195,76833,76831
10195,76834,76833
10195,76916,76809
10195,76918,76831
10195,76919,76822
10195,76921,76821
10195,76950,76918
10195,76973,76950
10195,76975,76823
10195,77153,76973
10195,77157,77153
10195,77242,77157
10195,77245,77157
10195,80465,-1
10195,110718,-1
10195,133994,76244
10195,150685,72582
10195,150686,150685
10195,150687,150686
10675,10675,0
10675,75401,75274
10675,75497,-1
10675,75550,75497
10675,75567,75497
10675,75588,75567
10675,75589,75550
10675,75590,75401
10675,75692,75589
10675,75694,75590
10675,75696,75588
10675,75703,75588
10675,75704,75692
10675,75705,75692
10675,75707,75694
10675,75710,75703
10675,75712,75696
10675,75792,75589
10675,75808,75705
10675,75814,75710
10675,75826,75710
10675,76099,75826
10675,76100,75808
10675,76102,75792
10675,76144,76099
10675,76146,76144
10675,76149,76100
10675,76186,76146
10675,76366,76186
10675,76502,76366
10675,76521,76366
10675,76773,76502
10687,10687,0
10687,75490,-1
10687,75505,75490
10687,75524,75490
10687,75565,75505
10687,75580,75565
10687,75583,75565
10687,75586,75524
10687,75592,75565
10687,75593,75580
10687,75594,75592
10687,75599,75593
10687,75603,75599
10687,75604,75594
10687,75606,75586
10687,75610,75586
10687,75612,75586
10687,96892,96674
10996,10996,0
10996,77060,-1
10996,77088,-1
10996,77131,77088
10996,77192,-1
10996,77533,-1
10996,77675,-1
10996,97579,-1
10996,99560,-1
10996,100410,-1
10996,102235,100410
10996,102245,99560
10996,108676,102235
10996,111978,108676
10996,112088,-1
10996,114554,111978
10996,114556,114554
10996,114557,112088
10996,115082,-1
10996,115325,114557
10996,116891,-1
10996,117668,-1
10996,117717,-1
10996,117718,117717
10996,119700,-1
10996,120349,114556
10996,122819,77533
10996,123070,-1
10996,130002,-1
10996,132134,-1
10996,132256,-1
10996,132921,-1
10996,133247,114556
10996,133248,122819
10996,133277,102235
10996,135007,133248
11134,11134,0
11134,78176,-1
11134,78179,78176
11134,78181,78179
11134,78182,78181
11134,78183,78182
11134,78186,78182
11134,78218,78186
11134,78228,78218
11134,78279,78218
11134,78297,78279
11134,78299,78297
11134,78302,78297
11134,78303,78299
11134,78304,78297
11134,78305,78299
11134,78336,-1
11134,78342,78336
11134,78343,78303
11134,78344,78302
11134,78345,78304
11134,78352,78345
11134,78353,78344
11134,78354,78344
11134,78365,78343
11134,78369,-1
11134,78370,-1
11134,78385,78179
11134,78386,78385
11134,78424,78342
11134,78500,-1
11134,78561,78370
11134,78563,78386
11134,78566,78500
11134,78608,78566
11134,78645,78608
11134,78677,78645
11134,78692,78645
11134,78903,-1
11134,110716,-1
12131,12131,0
12131,87366,-1
12131,87468,-1
12131,87485,-1
12131,87555,-1
12131,87976,87468
12131,88012,87485
12131,88027,-1
12131,88033,87468
12131,91319,88012
12131,91321,87468
12131,91350,91321
12131,91351,91319
12131,91352,91351
12131,91353,91352
15711,15711,0
15711,115636,-1
15711,115639,-1
15711,115640,-1
15711,115641,-1
15711,115642,-1
15711,115643,-1
15711,115644,-1
15711,115646,-1
15711,115647,-1
15711,115648,-1
15711,115649,-1
15711,115650,-1
15711,115652,-1
15711,115653,-1
15711,115654,-1
15711,115655,-1
15711,115657,-1
15711,115658,-1
15711,115659,-1
15711,115666,115658
15711,115674,115658
15711,115675,115674
15711,115681,-1
15711,115686,115642
15711,115687,-1
15711,115693,115686
15711,115718,115658
15711,115719,115681
15711,115722,-1
15711,115723,-1
15711,115725,-1
15711,115726,-1
15711,115727,-1
15711,115728,115686
15711,115731,115658
15711,115732,115658
15711,115733,115640
15711,115734,115681
15711,115738,-1
15711,115739,115686
15711,115740,-1
15711,115741,-1
15711,115743,115728
15711,115744,-1
15711,115748,-1
15711,115749,-1
15711,115753,-1
15711,115754,-1
15711,115757,-1
15711,115762,-1
15711,115763,-1
15711,115765,-1
15711,115773,115681
15711,115775,115640
15711,115776,115658
15711,115778,-1
15711,115779,-1
15711,115783,-1
15711,115787,-1
15711,115788,-1
15711,115789,-1
15711,115791,-1
15711,115798,-1
15711,115799,115775
15711,115800,115686
15711,115805,115686
15711,115810,-1
15711,115836,-1
15711,115837,-1
15711,115841,-1
15711,115842,-1
15711,115846,-1
15711,115871,115732
15711,115889,-1
15711,115890,-1
15711,115904,-1
15711,115907,115836
15711,115908,115907
15711,115909,-1
15711,115910,-1
15711,115911,-1
15711,115916,115743
15711,115924,-1
15711,115948,-1
15711,115953,115686
15711,115972,-1
15711,115974,-1
15711,115983,-1
15711,115985,-1
15711,115989,115775
15711,115990,-1
15711,115996,-1
15711,115998,115916
15711,116001,115655
15711,116002,-1
15711,116004,-1
15711,116007,-1
15711,116013,-1
15711,116023,-1
15711,116024,115990
15711,116025,-1
15711,116028,-1
15711,116032,-1
15711,116034,-1
15711,116036,115686
15711,116037,115693
15711,116038,115996
15711,116089,115908
15711,116096,-1
15711,116097,-1
15711,116100,116032
15711,116101,-1
15711,116103,116101
15711,116105,116101
15711,116106,115924
15711,116107,116007
15711,116110,115636
15711,116111,115636
15711,116112,116110
15711,116132,-1
15711,116141,-1
15711,116150,-1
15711,116170,-1
15711,116226,-1
15711,116229,-1
15711,116283,116103
15711,116316,-1
15711,116327,115642
15711,116337,116089
15711,116365,-1
15711,116376,116337
15711,116436,-1
15711,116438,-1
15711,116469,-1
15711,116706,-1
15711,116712,-1
15711,116715,-1
15711,116716,-1
15711,116717,-1
15711,116718,116717
15711,116719,-1
15711,116728,-1
15711,116729,116728
15711,116764,-1
15711,116765,116764
15711,116767,116110
15711,116771,-1
15711,116772,-1
15711,116774,116767
15711,116775,115640
15711,116776,115775
15711,116777,-1
15711,116778,116110
15711,116779,116112
15711,116780,116111
15711,116781,115642
15711,116782,116327
15711,116783,115686
15711,116784,115805
15711,116785,116036
15711,116786,115953
15711,116787,115644
15711,116788,115640
15711,116791,-1
15711,116801,-1
15711,116802,116801
15711,116814,-1
15711,116816,116801
15711,116822,-1
15711,116823,116777
15711,116832,-1
15711,116833,115642
15711,116834,115739
15711,116856,116816
15711,116858,116856
15711,116860,-1
15711,116862,-1
15711,116864,-1
15711,116867,116858
15711,116869,-1
15711,116870,-1
15711,116873,115636
15711,116879,116822
15711,116880,115636
15711,116922,116867
15711,116923,116922
15711,116935,116922
15711,116937,116864
15711,116940,116935
15711,116963,-1
15711,116974,-1
15711,116994,-1
15711,117006,-1
15711,117008,115636
15711,117009,115644
15711,117010,115648
15711,117018,117017
15711,117019,116997
15711,117020,117019
15711,117021,117020
15711,117022,116940
15711,117023,117006
15711,117158,-1
15711,117161,-1
15711,117198,117022
15711,117251,117198
15711,117283,117251
15711,117336,-1
15711,117341,-1
15711,117342,117018
15711,117343,-1
15711,117359,-1
15711,117372,-1
15711,117378,-1
15711,117413,-1
15711,117426,-1
15711,117427,115636
15711,117439,-1
15711,117452,116880
15711,117599,-1
15711,117600,117599
15711,117601,117600
15711,117693,117008
15711,117697,-1
15711,117704,-1
15711,117730,-1
15711,117735,-1
15711,117814,-1
15711,117825,-1
15711,117918,116802
15711,117919,-1
15711,118327,-1
15711,118351,-1
15711,118402,-1
15711,118495,-1
15711,118502,-1
15711,118603,116024
15711,118605,118603
15711,118736,-1
15711,118897,-1
15711,118898,115953
15711,118952,115642
15711,119077,118952
15711,119109,-1
15711,119847,-1
15711,120005,-1
15711,120165,-1
15711,120171,116823
15711,120290,117693
15711,120293,117283
15711,120376,-1
15711,120666,-1
15711,120669,115666
15711,120671,-1
15711,120892,-1
15711,120964,-1
15711,120965,115642
15711,121496,-1
15711,121988,-1
15711,122199,-1
15711,122200,115636
15711,122201,115644
15711,122202,115640
15711,122203,115647
15711,122204,115643
15711,122241,-1
15711,122603,119077
15711,122604,120965
15711,122605,116833
15711,122606,116327
15711,122607,115693
15711,122608,115739
15711,122609,117452
15711,122612,122605
15711,122613,122604
15711,122614,122606
15711,122616,122608
15711,122629,122613
15711,122633,122629
15711,122635,122633
15711,122640,122635
15711,122642,122603
15711,122643,122607
15711,122893,-1
15711,123046,122605
15711,123051,122603
15711,123052,122604
15711,123055,115686
15711,123057,122607
15711,123058,122608
15711,123061,118898
15711,123062,115728
15711,123064,115916
15711,123065,115998
15711,123067,116880
15711,123068,117452
15711,123071,122609
15711,123075,-1
15711,123093,122604
15711,123245,-1
15711,123259,122612
15711,123260,123051
15711,123261,123093
15711,123262,122613
15711,123265,122616
15711,123266,123259
15711,123267,123265
15711,123268,123262
15711,123269,123266
15711,123271,123269
15711,123297,-1
15711,123303,116880
15711,123304,122607
15711,123318,122640
15711,123325,116879
15711,123333,117919
15711,123334,123297
15711,123399,122603
15711,123400,122607
15711,123421,-1
15711,123503,123334
15711,123564,-1
15711,123569,115642
15711,123648,-1
15711,124114,-1
15711,124311,122614
15711,124313,124311
15711,124314,-1
15711,124318,-1
15711,124319,124314
15711,124320,124319
15711,124321,124320
15711,124327,-1
15711,124496,123266
15711,124504,124496
15711,124577,123318
15711,124601,-1
15711,124603,-1
15711,124620,124504
15711,124622,124321
15711,124655,124620
15711,124660,124622
15711,124808,124577
15711,124813,124808
15711,124819,124813
15711,124825,124819
15711,124897,124825
15711,124898,124825
15711,124914,-1
15711,124920,-1
15711,124921,124603
15711,124947,124655
15711,125086,123071
15711,125087,116880
15711,125091,125086
15711,125092,-1
15711,125093,125087
15711,125094,123260
15711,125096,122606
15711,125097,122605
15711,125098,123569
15711,125099,115686
15711,125102,122607
15711,125103,123265
15711,125106,125091
15711,125108,125106
15711,125111,125093
15711,125112,125093
15711,125113,125093
15711,125115,125108
15711,125116,125092
15711,125117,125115
15711,125123,125115
15711,125126,-1
15711,125129,-1
15711,125130,123399
15711,125131,122605
15711,125132,123093
15711,125134,125098
15711,125181,-1
15711,125250,125112
15711,125253,125111
15711,125301,125112
15711,125302,125112
15711,125306,125111
15711,125307,125111
15711,125308,125307
15711,125310,-1
15711,125454,-1
15711,125492,123260
15711,125493,115739
15711,125494,116036
15711,125543,-1
15711,125627,125543
15711,125725,123271
15711,125758,-1
15711,125759,124655
15711,125763,-1
15711,128006,125763
15711,128872,-1
15711,128972,115642
15711,129077,125103
15711,129144,128972
15711,129172,122606
15711,129532,-1
15711,130677,-1
15711,131345,119077
15711,131346,120965
15711,131389,131345
15711,131499,115776
15711,131724,-1
15711,132462,-1
15711,132463,132462
15711,133279,115990
15711,133280,115718
15711,133281,115732
15711,133376,-1
15711,133395,-1
15711,133398,-1
15711,133473,-1
15711,133475,123269
15711,133588,-1
15711,133827,-1
15711,134768,-1
15711,137081,119077
15711,137082,122642
15711,137083,137081
15711,138088,-1
15711,138780,123266
15711,138781,129172
15711,138782,125096
15711,138783,116833
15711,142904,131724
15711,142905,138088
15711,148483,125494
15711,149169,-1
15711,149320,138781
15711,150889,-1
15711,151755,-1
15970,15970,0
15970,117757,-1
15970,117830,117757
15970,118039,-1
15970,118174,-1
15970,118482,118039
15970,118621,118039
15970,119050,118621
15970,125639,-1
15978,15978,0
15978,117795,-1
15978,117802,117795
15978,117843,-1
15978,117851,117843
15978,118120,-1
15978,118122,117843
15978,118124,117851
15978,118126,118124
15978,118161,-1
15978,118265,118124
15996,15996,0
15996,117894,-1
15996,117936,-1
15996,117938,-1
15996,117955,-1
15996,117967,-1
15996,117975,-1
15996,117978,-1
15996,117983,-1
15996,117996,-1
15996,118001,117983
15996,118002,-1
15996,118007,-1
15996,118018,-1
15996,118026,-1
15996,118031,-1
15996,118046,-1
15996,118084,-1
15996,118088,-1
15996,118089,-1
15996,118091,-1
15996,118104,-1
15996,118108,117955
15996,118139,-1
15996,118359,117975
15996,118399,-1
15996,118464,-1
15996,118477,-1
15996,118618,-1
15996,118677,117955
15996,118683,-1
15996,118684,-1
15996,118809,117975
15996,118971,-1
15996,119102,-1
15996,119142,-1
15996,119254,-1
15996,119507,-1
15996,119593,-1
15996,120288,-1
15996,120505,-1
15996,120757,-1
15996,121963,-1
15996,121964,121963
15996,123254,-1
15996,123552,-1
15996,123584,-1
15996,123654,-1
15996,123860,-1
15996,124153,-1
15996,124164,-1
15996,124407,-1
15996,124664,-1
15996,124824,-1
15996,124865,-1
15996,124906,-1
15996,124919,-1
15996,124935,-1
15996,124959,-1
15996,125249,-1
15996,125255,-1
15996,125364,118008
15996,125379,-1
15996,128874,118677
15996,130026,-1
15996,130410,-1
15996,130859,-1
15996,130860,117975
15996,130969,-1
15996,131054,-1
15996,131138,-1
15996,131139,131138
15996,131144,-1
15996,131498,-1
15996,131583,-1
15996,131682,-1
15996,131723,117936
15996,131880,-1
15996,132383,120757
15996,132384,118084
15996,132385,131682
15996,132386,117983
15996,132388,125255
15996,132933,117967
15996,132934,131723
15996,132936,123584
15996,132937,119593
15996,132941,130026
15996,132943,130026
15996,132944,130026
15996,133228,-1
15996,133231,133228
15996,133263,121964
15996,133267,125249
15996,133322,-1
15996,133326,133263
15996,133375,-1
15996,133452,-1
15996,133560,-1
15996,133563,118359
15996,133564,130860
15996,133565,131723
15996,133566,118002
15996,133567,117998
15996,133649,-1
15996,133721,-1
15996,133821,-1
15996,133957,131682
15996,133968,131880
15996,134028,117978
15996,134029,-1
15996,134629,133957
15996,134630,133821
15996,134631,133326
15996,134632,134029
15996,134633,134028
15996,137368,134028
15996,144437,-1
15996,156043,-1
19024,19024,0
19024,140678,-1
19024,140728,-1
19024,140782,-1
19024,140822,-1
19024,140826,140678
19024,140838,-1
19024,140870,-1
19024,140879,-1
19024,140940,-1
19024,140962,-1
19024,140969,140879
19024,140970,-1
19024,140974,-1
19024,140987,-1
19024,140989,-1
19024,141001,-1
19024,141003,-1
19024,141017,-1
19024,141046,-1
19024,141050,-1
19024,141059,-1
19024,141062,-1
19024,141070,140879
19024,141105,-1
19024,141107,-1
19024,141125,-1
19024,141127,140822
19024,141128,-1
19024,141131,-1
19024,141132,141128
19024,141133,141132
19024,141141,-1
19024,141144,-1
19024,141147,141070
19024,141161,-1
19024,141248,140987
19024,141256,-1
19024,141261,-1
19024,141262,141107
19024,141263,141003
19024,141264,141141
19024,141280,-1
19024,141293,-1
19024,141314,-1
19024,141522,141133
19024,141559,-1
19024,142290,-1
19024,142356,-1
19024,142523,140940
19024,143053,-1
19024,143054,143053
19024,145779,-1
19024,148907,-1
19024,151107,-1
19024,151993,-1
19024,152017,-1
19024,152146,140940
19024,152147,142523
19024,152375,141107
19024,152376,148907
19024,156584,-1
19024,162730,152146
19024,168055,-1
19024,171001,-1
19024,172300,-1
19024,174286,-1
19024,174287,174286
19024,174479,-1
19024,175687,140782
19170,19170,0
19170,141746,-1
19170,141797,141746
19170,141798,141746
19170,141845,141798
19170,141846,141797
19170,141881,141845
19170,141884,141846
19170,141889,141884
19170,141954,-1
19170,142029,141845
19170,142079,-1
19170,142105,142079
19170,142467,141881
19170,142468,141884
19170,142822,142468
19170,142823,142467
19170,142853,142823
19170,142854,142822
19170,142869,142854
19170,142870,142853
19170,142879,142870
19170,142880,142869
19170,143028,142880
19170,143029,142879
19170,143126,143028
19170,143144,143126
19170,143145,143126
19170,143161,143145
19170,143234,143161
19170,143235,143234
19170,143714,143235
19170,143715,143235
19170,147693,143714
19170,149088,147693
19170,175331,-1
19170,175332,142079
19170,175765,175331
19170,175766,175765
19853,19853,0
19853,148091,-1
19853,148134,-1
19853,148199,-1
19853,148392,-1
19853,148458,148265
19853,148461,148392
19853,148465,148134
19853,148466,148199
19853,148472,148199
19853,148676,-1
19853,149148,-1
19853,149150,-1
19853,149338,148676
19853,149818,-1
19853,163043,-1
19853,179263,-1
19853,193754,-1
19914,19914,0
19914,149038,-1
19914,149048,-1
19914,149053,-1
19914,149054,-1
19914,149060,-1
19914,149100,-1
19914,149138,-1
19914,149141,-1
19914,149157,-1
19914,149158,149053
19914,149159,149060
19914,149583,-1
19914,149750,-1
19914,150593,-1
19914,150605,-1
19914,150611,-1
19914,150613,149138
19914,150617,-1
19914,150625,-1
19914,150649,-1
19914,150652,-1
19914,150653,-1
19914,150679,-1
19914,150696,-1
19914,150753,-1
19914,150762,-1
19914,150763,-1
19914,150772,-1
19914,150773,-1
19914,150779,-1
19914,150783,-1
19914,150784,-1
19914,150785,-1
19914,150786,-1
19914,150787,-1
19914,150793,150762
19914,150794,150762
19914,150819,-1
19914,150875,-1
19914,150877,-1
19914,150878,-1
19914,150879,-1
19914,150880,150611
19914,150881,149048
19914,150882,149750
19914,150883,149060
19914,150884,149750
19914,150890,150879
19914,150891,150819
19914,150892,-1
19914,151048,-1
19914,151049,150819
19914,151083,-1
19914,151084,151049
19914,151210,151084
19914,151223,151048
19914,151264,150880
19914,151265,150881
19914,151266,150794
19914,151345,-1
19914,151346,151223
19914,151353,151346
19914,151354,151210
19914,151645,150881
19914,151711,149138
19914,151712,150653
19914,151713,150875
19914,151714,150773
19914,151715,150892
19914,152351,-1
19914,152415,-1
19914,152569,-1
19914,152606,-1
19914,152969,-1
19914,152970,150880
19914,152971,150881
19914,159654,-1
19914,164168,-1
19914,169711,-1
19914,172299,-1
19914,174798,-1
19914,174799,149100
19914,175278,-1
19914,175330,-1
19914,175744,-1
19914,176308,-1
19914,179227,-1
19914,180606,-1
19914,180690,-1
19914,180725,-1
19914,180758,-1
19914,180763,-1
19914,180786,-1
19914,180794,-1
19914,180813,-1
19914,180835,-1
19914,180890,-1
19914,180918,-1
19914,180928,-1
19914,180940,149583
19914,180945,-1
19914,180948,-1
19914,180952,-1
19914,180968,-1
19914,180977,-1
19914,180979,-1
19914,180980,-1
19914,180982,-1
19914,180984,-1
19914,180988,-1
19914,181004,149054
19914,181040,-1
19914,181048,-1
19914,181055,-1
19914,181056,-1
19914,181061,-1
19914,181069,-1
19914,181078,-1
19914,181112,-1
19914,181114,-1
19914,181117,181004
19914,181133,-1
19914,181136,-1
19914,181143,181004
19914,181147,-1
19914,181152,-1
19914,181162,-1
19914,181205,-1
19914,181225,-1
19914,181241,149054
19914,181245,151264
19914,181249,181241
19914,181250,151264
19914,181295,-1
19914,181352,-1
19914,181356,-1
19914,181380,-1
19914,181959,-1
20389,20389,0
20389,151201,-1
20389,161660,-1
20389,172282,-1
20389,173024,-1
20389,173845,151201
20389,173846,161660
20389,173848,172282
20389,173849,173024
20389,173887,173845
20389,175850,-1
20389,175851,161660
20389,175853,172282
20389,177528,-1
20389,179236,-1
20389,180182,-1
20389,180558,-1
20389,180590,-1
20389,180591,-1
20389,180592,-1
20389,180602,-1
20389,180605,-1
20389,180625,-1
20389,180633,-1
20389,180638,-1
20389,180641,-1
20389,180646,-1
20389,180648,180625
20389,180660,180641
20389,180665,-1
20389,180671,-1
20389,180686,173024
20389,180691,-1
20389,180692,-1
20389,180699,-1
20389,180705,180605
20389,180710,-1
20389,180714,-1
20389,180715,-1
20389,180716,-1
20389,180721,151201
20389,180722,-1
20389,180723,180625
20389,180724,-1
20389,180727,-1
20389,180733,-1
20389,180734,-1
20389,180737,173845
20389,180739,173848
20389,180741,173846
20389,180742,180660
20389,180744,-1
20389,180745,-1
20389,180753,-1
20389,180755,-1
20389,180756,-1
20389,180759,-1
20389,180764,-1
20389,180765,-1
20389,180769,-1
20389,180770,-1
20389,180772,-1
20389,180777,-1
20389,180778,-1
20389,180780,-1
20389,180784,-1
20389,180785,173845
20389,180791,-1
20389,180798,-1
20389,180799,-1
20389,180801,-1
20389,180802,180798
20389,180805,-1
20389,180806,-1
20389,180808,-1
20389,180809,-1
20389,180811,180809
20389,180820,180592
20389,180827,-1
20389,180832,-1
20389,180836,-1
20389,180837,-1
20389,180838,-1
20389,180844,-1
20389,180845,-1
20389,180854,-1
20389,180857,-1
20389,180858,-1
20389,180860,-1
20389,180863,180721
20389,180864,-1
20389,180865,151201
20389,180866,-1
20389,180868,-1
20389,180877,-1
20389,180881,-1
20389,180883,151201
20389,180895,-1
20389,180896,-1
20389,180897,-1
20389,180899,180863
20389,180904,-1
20389,180913,-1
20389,180914,-1
20389,180915,-1
20389,180927,-1
20389,180929,-1
20389,180932,-1
20389,180933,-1
20389,180934,-1
20389,180935,180778
20389,180937,-1
20389,180938,-1
20389,180939,151201
20389,180944,180865
20389,180946,-1
20389,180961,-1
20389,180972,-1
20389,180991,-1
20389,180992,175851
20389,180993,180827
20389,180994,-1
20389,180995,-1
20389,180996,-1
20389,181001,-1
20389,181002,-1
20389,181003,-1
20389,181006,-1
20389,181007,-1
20389,181008,-1
20389,181019,-1
20389,181022,-1
20389,181030,-1
20389,181031,-1
20389,181035,-1
20389,181036,-1
20389,181037,-1
20389,181041,-1
20389,181042,-1
20389,181045,-1
20389,181052,-1
20389,181053,-1
20389,181054,-1
20389,181062,181052
20389,181063,181036
20389,181064,-1
20389,181066,-1
20389,181067,-1
20389,181068,-1
20389,181072,180863
20389,181073,-1
20389,181077,-1
20389,181079,-1
20389,181081,180944
20389,181087,180939
20389,181090,-1
20389,181098,-1
20389,181100,-1
20389,181102,-1
20389,181105,-1
20389,181108,-1
20389,181109,-1
20389,181110,-1
20389,181113,-1
20389,181115,-1
20389,181116,-1
20389,181118,-1
20389,181120,181081
20389,181121,-1
20389,181122,181081
20389,181124,-1
20389,181125,-1
20389,181126,-1
20389,181127,-1
20389,181131,-1
20389,181132,-1
20389,181134,-1
20389,181140,-1
20389,181142,-1
20389,181144,-1
20389,181146,-1
20389,181149,-1
20389,181150,180691
20389,181158,-1
20389,181159,-1
20389,181161,-1
20389,181168,-1
20389,181170,-1
20389,181173,-1
20389,181174,151201
20389,181181,-1
20389,181185,-1
20389,181188,-1
20389,181192,-1
20389,181193,-1
20389,181196,180865
20389,181198,-1
20389,181199,-1
20389,181202,-1
20389,181203,181037
20389,181204,181037
20389,181208,181196
20389,181217,-1
20389,181221,-1
20389,181224,-1
20389,181237,-1
20389,181239,-1
20389,181254,181122
20389,181256,-1
20389,181259,181174
20389,181262,180625
20389,181265,180741
20389,181269,-1
20389,181276,181087
20389,181281,-1
20389,181282,-1
20389,181288,181150
20389,181290,-1
20389,181293,-1
20389,181316,-1
20389,181320,-1
20389,181330,-1
20389,181350,-1
20389,181351,-1
20389,181369,-1
20389,181373,-1
20389,181374,-1
20389,181377,-1
20389,181382,-1
20389,181387,175851
20389,181388,181022
20389,181389,181008
20389,181390,180933
20389,181391,181081
20389,181392,181254
20389,181395,181066
20389,181414,-1
20389,181479,-1
20389,181511,151201
20389,181563,-1
20389,181590,-1
20389,181633,180899
20389,181635,180785
20389,181636,-1
20389,181660,-1
20389,181666,-1
20389,181720,-1
20389,181733,181256
20389,181753,-1
20389,181800,181753
20389,181801,181720
20389,181802,181660
20389,181803,181636
20389,181804,181479
20389,181805,181382
20389,181806,181374
20389,181807,181373
20389,181808,181369
20389,181809,181350
20389,181810,181320
20389,181811,181290
20389,181816,-1
20389,181825,181170
20389,181826,181168
20389,181827,181142
20389,181830,181132
20389,181831,181131
20389,181832,181127
20389,181834,181116
20389,181835,181115
20389,181836,181108
20389,181947,-1
20389,181949,-1
20389,181978,180992
20389,182000,-1
20389,182030,-1
20389,182141,-1
20389,182197,173845
20389,182198,182197
20389,182199,180863
20389,182250,-1
20389,182332,-1
20389,182519,-1
20389,182699,-1
20389,182922,181196
20389,182949,181087
20389,183265,-1
20389,183898,-1
20389,184217,-1
20389,184789,-1
20389,185556,-1
20389,187570,-1
20389,187830,-1
20389,188162,-1
20389,188981,-1
20389,189007,181635
20389,189269,-1
20389,189321,-1
20389,189525,-1
20389,189724,-1
20389,189904,-1
20389,189918,189904
20389,189919,189724
20389,189920,189525
20389,189922,189321
20389,189924,189269
20389,189925,187830
20389,190287,-1
20389,190706,181122
20389,190973,-1
20389,198001,181830
20389,199049,180686
20657,20657,0
20657,152003,-1
20657,152009,-1
20657,152011,-1
20657,152012,152011
20657,152016,152011
20657,152018,-1
20657,152025,-1
20657,152026,-1
20657,152029,152026
20657,152038,-1
20657,152040,152038
20657,152042,-1
20657,152043,152038
20657,152044,152038
20657,152046,-1
20657,152047,-1
20657,152074,152043
20657,152075,152074
20657,152076,152075
20657,152113,152025
20657,152174,-1
20657,152179,-1
20657,152198,-1
20657,152199,152047
20657,152200,152198
20657,152209,152174
20657,152260,152248
20657,152319,152289
20657,152419,-1
20657,152420,152113
20657,152421,152179
20657,152422,152029
20657,155221,152422
20657,155241,155221
20657,155341,152419
20657,155636,155341
20657,155726,-1
20657,155746,155636
20657,155770,155341
20657,155771,152040
20657,156890,-1
20657,158194,-1
20657,159234,-1
20657,162127,-1
20657,167544,152420
20657,167678,167544
20657,167835,167678
20657,167842,152199
20657,167878,167835
20657,167945,167878
20657,169023,167945
20657,169025,167945
20657,171147,-1
20657,171206,-1
20657,171290,167678
20657,171350,171290
20657,171409,171350
20657,171456,171409
20657,172211,171456
20657,172301,-1
20657,172450,172211
20657,172777,172450
20657,172817,172777
20657,172963,172817
20657,173012,172963
20657,173155,173012
20657,173271,173155
20657,173471,167878
20657,175257,152209
20657,176333,173271
20657,176374,176333
20657,176376,176374
20657,178249,-1
20657,178251,167842
20657,179228,-1
20657,180036,-1
20657,180581,-1
20657,180600,-1
20657,180601,-1
20657,180608,-1
20657,180609,152003
20657,180612,167544
20657,180614,152047
20657,180617,171147
20657,180640,-1
20657,180657,-1
20657,180659,167678
20657,180661,176376
20657,180666,-1
20657,180668,-1
20657,180680,-1
20657,180688,-1
20657,180720,-1
20657,180728,-1
20657,180740,-1
20657,180746,-1
20657,180748,-1
20657,180754,-1
20657,180757,-1
20657,180762,-1
20657,180766,-1
20657,180768,-1
20657,180774,180748
20657,180776,-1
20657,180814,-1
20657,180817,155726
20657,180818,180768
20657,180819,180766
20657,180821,180688
20657,180822,180581
20657,180823,162127
20657,180824,152419
20657,180825,-1
20657,180846,152038
20657,180855,-1
20657,180875,152198
20657,180880,-1
20657,180887,-1
20657,180891,-1
20657,180912,-1
20657,180917,-1
20657,180926,-1
20657,180936,-1
20657,180950,-1
20657,180967,-1
20657,180970,-1
20657,180975,-1
20657,180976,-1
20657,180981,-1
20657,180989,171350
20657,180990,-1
20657,181000,-1
20657,181015,-1
20657,181025,-1
20657,181029,-1
20657,181046,-1
20657,181049,180617
20657,181050,-1
20657,181057,-1
20657,181065,-1
20657,181074,-1
20657,181083,-1
20657,181086,-1
20657,181093,-1
20657,181137,152026
20657,181139,152029
20657,181145,181049
20657,181153,-1
20657,181167,-1
20657,181187,-1
20657,181195,-1
20657,181201,-1
20657,181210,-1
20657,181264,181139
20657,181393,-1
20657,181440,-1
20657,181441,152199
20657,181442,159234
20657,181543,-1
20657,181564,-1
20657,181641,180661
20657,181642,155770
20657,181643,180824
20657,181673,-1
20657,181678,-1
20657,181702,181543
20657,181769,181702
20657,181847,181442
20657,181850,167842
20657,181851,181441
20657,181853,181673
20657,181854,152025
20657,181857,169025
20657,181858,176333
20657,181903,152043
20657,182535,-1
20657,183218,180846
20657,183245,-1
20657,187573,-1
20657,187574,-1
20657,189341,-1
20657,189342,-1
21171,21171,0
21171,157181,-1
21171,157794,-1
21171,157796,-1
21171,157800,-1
21171,157802,157800
21171,157811,-1
21171,157926,157800
21171,157944,-1
21171,157982,-1
21171,158030,-1
21171,158248,-1
21171,159035,-1
21171,159867,-1
21171,161653,157982
21171,163891,-1
21171,163892,163891
21171,163893,163892
21171,163998,-1
21171,163999,-1
21171,164489,157802
21171,172319,-1
21171,175143,-1
21171,175464,157926
21171,175746,-1
21171,178287,-1
21171,178527,-1
21171,178626,-1
21171,179245,-1
21171,183229,-1
21171,190332,-1
21567,21567,0
21567,159899,-1
21567,159903,-1
21567,159911,-1
21567,172460,-1
21567,176301,-1
21567,182545,-1
21567,182852,-1
21567,187603,-1
22742,22742,0
22742,172756,-1
22742,172762,-1
22742,172784,-1
22742,172812,-1
22742,172815,-1
22742,172816,-1
22742,172888,-1
22742,172891,-1
22742,172892,-1
22742,172894,-1
22742,172901,172762
22742,172938,172891
22742,172950,172891
22742,172951,172892
22742,172952,-1
22742,172956,-1
22742,172972,-1
22742,173120,-1
22742,173320,-1
22742,173323,-1
22742,173335,-1
22742,173393,-1
22742,173885,172762
22742,174238,-1
22742,174546,-1
22742,174980,-1
22742,175551,-1
22742,175597,-1
22742,176406,-1
22742,178655,-1
22742,179231,-1
22742,180580,-1
22742,180594,-1
22742,180667,-1
22742,180669,-1
22742,180670,-1
22742,180693,172888
22742,180735,-1
22742,180747,-1
22742,180752,-1
22742,180779,-1
22742,180807,172762
22742,180816,180747
22742,180839,-1
22742,180840,-1
22742,180853,-1
22742,180861,-1
22742,180862,-1
22742,180873,-1
22742,180923,-1
22742,180924,-1
22742,180941,-1
22742,180963,-1
22742,180964,-1
22742,180965,-1
22742,180966,180965
22742,180971,-1
22742,180974,-1
22742,180998,-1
22742,181034,-1
22742,181038,-1
22742,181051,-1
22742,181071,-1
22742,181076,-1
22742,181103,-1
22742,181130,-1
22742,181135,-1
22742,181154,-1
22742,181160,-1
22742,181197,-1
22742,181243,-1
22742,181246,-1
22742,181270,180580
22742,181277,-1
22742,181322,-1
22742,181443,180693
22742,181444,181071
22742,181445,180839
22742,181446,172972
22742,181447,181246
22742,181448,181243
22742,181449,181197
22742,181450,181160
22742,181451,181154
22742,181452,181103
22742,181453,181034
22742,181454,180998
22742,181455,180974
22742,181456,180971
22742,181457,180966
22742,181458,180964
22742,181459,180941
22742,181460,180923
22742,181461,180873
22742,181462,180862
22742,181463,180779
22742,181464,180669
22742,181465,180667
22742,181466,180594
22742,181467,179231
22742,181468,178655
22742,181469,176406
22742,181470,175597
22742,181477,174546
22742,181492,173120
22742,181498,181135
22742,181504,180963
22742,181565,-1
22742,181566,181071
22742,181657,181246
22742,181658,181243
22742,181659,181154
22742,181661,180964
22742,181662,180965
22742,181663,180971
22742,181665,180998
22742,181672,-1
22742,181679,180923
22742,181680,180861
22742,181681,180853
22742,181682,180779
22742,181684,180594
22742,181685,174980
22742,181686,174546
22742,181687,173393
22742,181688,173335
22742,181946,-1
22742,181951,-1
22742,182097,-1
22742,182351,-1
22742,182836,-1
22742,182957,-1
22742,183899,-1
22742,183962,-1
22742,184681,-1
22742,185925,-1
22742,187571,-1
22742,188983,-1
22742,189339,-1
22742,191282,-1
22742,192520,-1
22742,192907,-1
22742,195069,-1
22742,195822,-1
22742,196322,-1
22742,196572,-1
22742,196779,-1
22742,198013,181498
22742,198025,181498
22742,198040,-1
22742,199800,-1
22742,199850,-1
22742,202222,-1
23131,23131,0
23131,178695,-1
23131,178722,178695
23131,179542,-1
23131,179549,178695
23131,179652,-1
23131,179827,179652
23131,179828,179827
23131,182825,179652
23131,184475,179549
23131,185128,179542
23131,185129,-1
23131,185130,179652
23131,185353,185129
23131,199523,182825
23131,199525,185128
23131,200120,182825
23131,200121,185130
23131,200122,179827
23131,200123,179828
23131,204341,200123
23131,204342,200122
23219,23219,0
23219,175541,-1
23219,175543,175541
23219,175557,-1
23219,175601,-1
23219,175602,175601
23219,175614,-1
23219,175616,175614
23219,175617,-1
23219,175630,-1
23219,175634,-1
23219,175644,175614
23219,175645,-1
23219,175655,-1
23219,175656,-1
23219,175657,-1
23219,175658,175657
23219,175659,175657
23219,175663,175659
23219,175680,175602
23219,175682,175659
23219,175685,175682
23219,175686,175543
23219,175688,-1
23219,175692,-1
23219,175693,175686
23219,175709,175657
23219,175712,175616
23219,175719,-1
23219,175733,-1
23219,175737,-1
23219,175752,-1
23219,175760,-1
23219,175761,-1
23219,175762,-1
23219,175763,175663
23219,175764,175763
23219,175770,-1
23219,175772,-1
23219,175773,-1
23219,175774,175688
23219,175775,-1
23219,175776,175761
23219,175777,175760
23219,175778,175760
23219,175781,175761
23219,175782,175761
23219,175789,175752
23219,175805,-1
23219,175810,-1
23219,175811,-1
23219,175813,-1
23219,175814,175752
23219,175815,175760
23219,175816,175657
23219,175845,-1
23219,175848,175693
23219,175852,-1
23219,175854,-1
23219,175859,175810
23219,175860,175810
23219,175862,-1
23219,175873,175712
23219,175874,-1
23219,175878,175617
23219,175880,-1
23219,175896,175854
23219,175897,175814
23219,175900,-1
23219,175927,-1
23219,175928,175630
23219,175929,175617
23219,175933,175854
23219,175934,175848
23219,175939,175929
23219,175940,175929
23219,175941,-1
23219,175942,-1
23219,175943,-1
23219,175954,175927
23219,175955,175927
23219,175960,175934
23219,175967,-1
23219,175988,-1
23219,175989,-1
23219,176276,175814
23219,176287,-1
23219,176312,-1
23219,176331,175928
23219,176413,175939
23219,176414,175940
23219,176415,176331
23219,176416,175688
23219,176417,175942
23219,176418,175954
23219,176529,-1
23219,179230,-1
23219,180616,-1
23219,180618,-1
23219,180627,-1
23219,180684,-1
23219,180711,-1
23219,180712,-1
23219,180713,-1
23219,180738,-1
23219,180767,-1
23219,180800,175789
23219,180810,-1
23219,180842,-1
23219,180843,-1
23219,180851,175634
23219,180869,-1
23219,180870,-1
23219,180902,-1
23219,180916,-1
23219,180942,-1
23219,180947,175617
23219,180973,-1
23219,180985,-1
23219,180987,-1
23219,180997,-1
23219,181005,-1
23219,181014,-1
23219,181023,-1
23219,181026,-1
23219,181058,-1
23219,181060,-1
23219,181080,-1
23219,181082,-1
23219,181085,-1
23219,181097,-1
23219,181128,-1
23219,181129,181128
23219,181148,-1
23219,181164,-1
23219,181186,-1
23219,181235,-1
23219,181257,-1
23219,181268,-1
23219,181284,-1
23219,181338,-1
23219,181349,-1
23219,181366,175617
23219,181372,180947
23219,181386,-1
23219,181567,-1
23219,181671,-1
23219,181924,181366
23219,181939,-1
23219,181942,-1
23219,181945,-1
23219,181950,-1
23219,181979,181671
23219,184935,-1
23219,185560,181924
23219,190770,-1
23219,194864,-1
23219,195383,-1
23219,195821,-1
23219,196323,-1
23219,197090,176312
23219,198017,-1
23219,198504,-1
23219,199728,-1
23704,23704,0
23704,180463,-1
23704,180482,-1
23704,180486,180482
23704,180488,180482
23704,180491,180482
23704,180496,180486
23704,180656,180496
23704,180885,-1
23704,180922,180885
23704,181012,180656
23704,181016,180885
23704,181089,181012
23704,181252,181089
23704,181258,180922
23704,181267,181258
23704,181314,180482
23704,181315,181012
23704,181339,181252
23704,181353,181315
23704,181354,181339
23704,181355,181314
23704,181427,180482
23704,181428,180656
23704,181429,181353
23704,181430,181429
23704,181431,181089
23704,181432,181252
23704,181433,181339
23704,181434,181354
23704,181435,180463
23704,181436,180922
23704,181437,181436
23704,181438,181435
23704,181439,-1
23704,181648,181428
23704,181649,181429
23704,181650,181431
23704,181651,181433
23704,181652,181432
23704,181708,181435
23704,181710,181431
23704,181711,181252
23704,181713,181354
23704,181714,181434
23704,181715,181433
23704,181716,181432
23704,181723,181714
23704,181724,181708
23704,181725,181431
23704,181726,181710
23704,181727,181726
23704,181728,181430
23704,181781,181723
23704,181785,181727
23704,181786,181726
23704,181828,181781
23704,181852,-1
23704,181859,181723
23704,181863,181427
23704,181864,181429
23704,181873,181726
23704,181874,181873
23704,181875,181864
23704,181876,181863
23704,181877,181876
23704,181878,181859
23704,181905,181267
23704,199729,-1
24954,24954,0
24954,186362,-1
24954,186370,-1
24954,186379,-1
24954,186380,-1
24954,186381,-1
24954,186388,-1
24954,186392,-1
24954,186393,186380
24954,186394,186379
24954,186400,-1
24954,186403,-1
24954,186405,-1
24954,186407,-1
24954,186423,-1
24954,186425,-1
24954,186426,186379
24954,186428,-1
24954,186433,-1
24954,186434,-1
24954,186435,-1
24954,186453,-1
24954,186454,186394
24954,186455,186423
24954,186456,-1
24954,186457,-1
24954,186460,-1
24954,186461,-1
24954,186464,-1
24954,186473,-1
24954,186483,186407
24954,186741,-1
24954,186742,186454
24954,186752,-1
24954,186806,-1
24954,186909,-1
24954,186910,186380
24954,186950,-1
24954,186974,186393
24954,186990,-1
24954,186993,-1
24954,187073,-1
24954,187214,186483
24954,187218,186457
24954,187303,-1
24954,187314,187218
24954,187318,-1
24954,187558,187314
24954,187559,187558
24954,188111,186910
24954,188112,186394
24954,188114,188111
24954,188117,187558
24954,188119,-1
24954,188120,188114
24954,188122,188120
24954,188130,188120
24954,188133,188122
24954,188141,188133
24954,188142,188141
24954,188145,188141
24954,188156,-1
24954,188259,-1
24954,188263,-1
24954,188408,186379
24954,188409,186426
24954,188580,-1
24954,188657,-1
24954,188724,188408
24954,188963,188409
24954,188968,188963
24954,189009,-1
24954,189017,-1
24954,189019,-1
24954,189041,187559
24954,189047,186407
24954,189143,189041
24954,189195,-1
24954,189337,-1
24954,189867,-1
24954,189868,189195
24954,189869,-1
24954,190305,190194
24954,190383,-1
24954,190384,188580
24954,190436,-1
24954,190504,-1
24954,190505,186910
24954,190506,186393
24954,190508,188409
24954,190509,188408
24954,190550,188142
24954,190821,189195
24954,190823,189195
24954,190825,188580
24954,190826,188580
24954,191229,190505
24954,191393,186407
24954,191505,-1
24954,191743,-1
24954,191913,190550
24954,191914,191393
24954,191965,-1
24954,191966,188133
24954,191967,190383
24954,192030,191913
24954,192283,-1
24954,192604,-1
24954,192883,-1
24954,193053,-1
24954,194328,191913
24954,194330,194328
24954,194333,194330
24954,194335,194333
24954,194368,194335
24954,194369,194368
24954,194370,194369
24954,194374,194370
24954,194375,194374
24954,197155,-1
24954,197855,189143
24954,198389,197855
24954,199508,-1
24954,201387,190506
24954,201389,186380
24954,201390,186425
25077,25077,0
25077,188667,-1
25077,188911,-1
25077,189063,188911
25077,192414,189063
25077,194961,192414
25077,195533,194961
25077,195667,195533
25077,196439,195667
25077,197046,196439
25077,197542,197046
25077,197543,197046
25077,198750,197542
25077,199439,198750
25077,199526,199439
25077,199553,199526
25077,200001,199553
26277,26277,0
26277,200043,200042
26277,200044,-1
26277,200087,200083
26277,200088,-1
26277,200089,200082
26277,200094,200082
26277,200095,200042
26277,200101,200095
26277,200102,200099
26277,200103,-1
26277,200104,200042
26277,200111,200110
26277,200112,-1
26277,200135,-1
26277,200287,-1
26277,200309,200042
26277,200310,200309
26277,200371,200287
26277,200406,200371
26277,200433,-1
26277,200487,200433
26277,200775,-1
26277,202908,200371
26277,205328,-1
26277,205329,200099
26277,205376,-1
26787,26787,0
26787,203597,-1
26787,203603,-1
26787,203637,-1
26787,203638,-1
26787,203787,-1
26787,203848,-1
26787,203849,203787
26787,203914,-1
26787,203925,203848
26787,203926,203597
26787,203951,-1
26787,203991,203925
26787,203993,-1
26787,204033,-1
26787,204034,203848
26787,204035,203991
26787,204138,203849
26787,204196,-1
26787,204230,-1
26787,204231,-1
26787,204246,-1
26787,204269,203848
26787,204323,204269
26787,204324,203925
26787,204325,204035
26787,204326,204034
26787,204330,204138
26787,204339,204330
26787,204345,-1
26787,204517,204339
26787,204576,-1
26787,204580,204196
26787,204581,203991
26787,204583,204231
26787,204585,204033
26787,204639,203991
26787,204774,-1
26787,204775,-1
26787,204819,204517
26787,204858,204819
26787,204920,-1
26787,204923,-1
26787,204937,-1
26787,204940,-1
26787,204941,-1
26787,204956,204330
26787,204993,204923
26787,205005,204330
26787,205006,204196
26787,205016,-1
26787,205021,204956
26787,205058,-1
26787,205208,-1
26787,205255,-1
26787,205256,204138
26787,205269,203787
26787,205270,204339
26787,205271,204940
26787,205283,205271
26787,205356,-1
26787,205357,204138
26787,205358,204339
26787,205359,204923
26787,205360,204576
26787,205361,204937
